UUID,Title,Author,Language,Description,AI Result
a15b9438-7eea-45d6-a448-0bb3bb20ece9,Fitter food / by Sarah Brewer. ,"Brewer, Sarah.",English,"Brewer combines a balanced approach to food with an appreciation of the fact that busy men need eating that is easy, appetising and healthy. She fills gaps in nutritional knowledge, and gives programmes for putting on and losing weight. ","**Eat smart, look good, feel great. Get fit with Sarah Brewer's easy and delicious recipes!** 
"
5d2323b2-fc35-4ff1-8cb5-d58bc0e96790,"Fantastic voyage : live long enough to live forever / Ray Kurzweil, Terry Grossman. ","Kurzweil, Ray.",English,,"Want the secret to living forever (or at least a really long time)? Dive into ""Fantastic Voyage"" by Ray Kurzweil. 
"
541867bc-6984-4603-837f-72a14ffba0fb,Easy nickels and other stories on humour. ,,English,,"**Need a laugh?  ""Easy Nickels and Other Stories on Humor"" is your go-to for a dose of hilarious.** 
"
988fb288-b249-438b-aa7d-63a97718503c,Lessons in excellence from Charlie Trotter / by Paul Clarke. ,"Clarke, Paul.",English,,"**Unleash your inner chef. Discover culinary secrets from a legend in *Lessons in Excellence from Charlie Trotter*.** 
"
3b6c03e9-78b2-43b2-9a2c-0458049a6d19,"The Holocaust, the French, and the Jews / Susan Zuccotti. ","Zuccotti, Susan, 1940-",English,,"**Uncover the gripping history of the Holocaust in France and its impact on Jewish lives.** 
"
1544613c-1a7c-40ac-90c0-bbe932e79bd5,Innovation and research : a study in Australian industry. ,"Stubbs, Peter.",English,,"Uncover the secrets behind Aussie innovation! Dive into ""Innovation and Research"" by Peter Stubbs. 
"
12b6938c-6091-4abf-a7e5-701202f64c11,Software engineering for students : a programming approach / Douglas Bell. ,"Bell, Doug, 1944-",English,,"Level up your coding game! ""Software Engineering for Students"" teaches you programming through a practical approach. 
"
6822d569-2b31-417b-9cef-ce124b7419d6,"Uncle Tom's cabin : or, Life among the lowly / Harriet Beecher Stowe ; edited with an introd. by Ann Douglas. ","Stowe, Harriet Beecher, 1811-1896.",English,,"**Journey into the heart of pre-Civil War America with ""Uncle Tom's Cabin,"" a powerful story of slavery and resilience.** 
"
bece25c8-b216-4f38-b8cf-ce0fb639d9a2,The ecology of fishes / by G.V. Nikolsky ; translated from the Russian by L. Birkett. ,"Nikolsky, G. V. (George V.)",English,,"Dive into the underwater world and discover the fascinating ecology of fishes with Nikolsky's insightful book. 
"
4e42e719-9d7b-4bd6-af4c-03361464890e,"Xin tai : cheng gong de ren jiu shi he ni bu yi yang / [zuo zhe, An Kaili]. å¿ƒæ€ : æˆåŠŸçš„äººå°±æ˜¯å’Œä½ ä¸ä¸€æ · / [ä½œè€…, å®‰å‡¯è‰]. ","An, Kaili.|å®‰å‡¯è‰.",Chinese,,"**Unlock the secrets to success. Discover why successful people think differently in *Xin Tai*.** 
"
17431648-dec1-4f02-918d-7068a338d03b,"Sara Ivanhoe's 20 min. yoga makeover. Sculpted buns & thighs [videorecording] / Dragonfly Productions ; producer/director, Andrea Ambandos. ",,English,Yoga workout program aimed at defining and toning the lower body and strengthening legs. ,"**Sculpt your dream legs and glutes in just 20 minutes with Sara Ivanhoe's yoga makeover!** 
"
31e7acfb-8141-4173-b0a6-89ed02709a4d,Flower gardener / Pippa Greenwood. ,"Greenwood, Pippa.",English,,"**Pippa Greenwood's *Flower Gardener*: Everything you need to make your flower dreams bloom.** 
"
d6167cca-b3be-4355-aa5f-ded619a09bd6,Khmer bronzes : new interpretations of the past / Emma C. Bunker and Douglas Latchford. ,"Bunker, Emma C.",English,"""A range of sacred Khmer bronze images appeared during the third quarter of the first millennium CE unlike anything previously produced in the Kingdom of Cambodia. This cultural explosion developed during an elegant and glittering period of commerce and diplomacy in a Southeast Asian world related economically by trade and spiritually by faith. In Khmer Bronzes: New Interpretations of the Past, the authors explore this flowering of Khmer sacred art.""--Publisher's description. ","Dive into the glittering world of ancient Cambodia and explore a mysterious explosion of sacred art in ""Khmer Bronzes."" 
"
d0a9987f-7eb6-4233-b71e-59ea932dbcea,Lemons / by Christopher Idone ; photography by Kathryn Kleinman. ,"Idone, Christopher.",English,,"**Pucker up! Explore the zesty world of lemons with Christopher Idone. Delicious recipes & stunning photos await.** 
"
9be411db-3ae5-485f-a6e5-c9f72a555922,Experiment with movement / written by Bryan Murphy. ,"Murphy, Bryan.",English,,"**Ready to break free?**  **Experiment with movement** and discover your potential. 
"
563d2690-457e-4064-89d8-6aa2fde9db3e,"Women in Malaysia : breaking boundaries / edited by Roziah Omar, Azizah Hamzah. ",,English,,"**Discover the inspiring stories of Malaysian women shattering glass ceilings in ""Women in Malaysia: Breaking Boundaries"".** 
"
398a274b-3f18-4cb8-a00a-02d207fd0882,"Simply super paper : over 50 projects to cut, curl, twist and tease from paper / Sandra Lounsbury Foose. ","Foose, Sandra Lounsbury.",English,,"Unleash your creativity! âœ‚ï¸  ""Simply Super Paper"" has 50+ projects to transform flat sheets into 3D art. 
"
6cd675d8-f3f6-425b-96e4-d78e64c7b69f,Zheng he she hui fu li zheng ce yu she hui gong zuo shi wu = Integrating social welfare poliey & social work practice / Kathleen McInnis-Dittrichyuan zhu ;  hu hui ying deng yi. æ•´åˆç¤¾ä¼šç¦åˆ©æ”¿ç­–ä¸ç¤¾ä¼šå·¥ä½œå®åŠ¡ = Integrating social welfare poliey & social work practice / Kathleen McInnis-DittrichåŸè‘— ;  èƒ¡æ…§è¹ç­‰è¯‘. ,"McInnis-Dittrich, Kathleen, 1951-",chieng|English,,"Bridge the gap between policy and practice! Explore the powerful intersection of social welfare and social work in ""Integrating Social Welfare Policy & Social Work Practice"". 
"
e2bf21b0-6753-4386-b256-486fe1e24b83,Shanghai zen mo dai a? / Mi Lan zhu ; Addy cha hua. ä¸Šæµ·æ€ä¹ˆå¾…å•Š? / ç±³å…°è‘— ; Addyæ’ç”». ,"Mi, Lan.|ç±³å…°.",Chinese,,"**Craving adventure? Discover how to navigate the vibrant chaos of Shanghai in ç±³å…°'s captivating tale.  ** 
"
db673abe-7766-4ff2-94ea-0f0b89a94df2,Buying and selling real estate by owner / by Everett L. Gracey. ,"Gracey, Everett L.",English,,"**Ditch the realtor fees!** Learn the secrets of buying & selling real estate yourself with Everett Gracey's expert guide. 
"
b62b3990-4cd4-423e-88b9-e29bdc249401,The family secret : an anthology / edited by Jay David ; foreword by Migs Woodside. ,,English,,"Uncover *The Family Secret* in this gripping anthology. What will you risk to expose the truth? 
"
dab01592-3ca5-4ddd-9c7a-382e5f461dfd,"The Koreans : who they are, what they want, where their future lies / Michael Breen. ","Breen, Michael.",English,,"Unravel the mystery: **Who are the Koreans?** Discover their ambitions and future in this eye-opening read. 
"
996a3ceb-d3e4-4b16-a458-67c58bb60f18,Who guards a prince / Reginald Hill. ,"Hill, Reginald, 1936-",English,,"Who protects a prince when assassins lurk in every shadow? Dive into Reginald Hill's thrilling mystery. 
"
161c9388-c6bd-4536-9c32-a866782c1589,"Re nao de gang kou / zuo zhe, Nuobeite Geluhe ; hui tu, He'ermute Kelasi ; yi zhe, Hou Suqin. çƒ­é—¹çš„æ¸¯å£ / ä½œè€…, è¯ºè´ç‰¹â€¢æˆˆå¢èµ« ; ç»˜å›¾, èµ«å°”ç©†ç‰¹â€¢ç§‘æ‹‰æ–¯ ; è¯‘è€…, ä¾¯ç´ ç´. ","Golluch, Norbert.|æˆˆå¢èµ«, è¯ºè´ç‰¹.",Chinese,,"Dive into the bustling world of ""Re nao de gang kou,"" a vibrant Chinese novel about life, love, and adventure in a lively harbor town. 
"
cb0f0d95-9f07-476d-932a-b4fa8570a038,"Jing dian zhong xiao gu shi / [wen zi bian ji, Lin Shuping ... [et al.]]. ç»å…¸å¿ å­æ•…äº‹ / [æ–‡å­—ç¼–è¾‘, æ—ä¹¦å± ... [et al.]]. ",,Chinese,,"**Journey through timeless tales of loyalty and filial piety in *Jing dian zhong xiao gu shi* - classic stories that still resonate today.** 
"
3c38e061-3b6e-4d33-a61d-7449a0aa591b,Perilaku politik elit Muhammadiyah / Haedar Nashir. ,"Nashir, Haedar.",Indonesian,"Political behavior of the elite of Muhamadiyah, an Indonesian Islamic organization; research in Pekajangan, Kabupaten Pekalongan, Central Java. ","Dive into the fascinating world of Indonesian politics with ""Perilaku politik elit Muhammadiyah""! 
"
f1da0e39-76e8-42e0-9444-7af4fd774ce3,The limits of tradition : peasants and land conflicts in Indonesia / Urano Mariko. ,"Urano, Mariko.",English,,"**Indonesian peasants fight for their land. Discover the limits of tradition in this gripping account.** 
"
83363b72-18c0-46fa-a620-b75e24d596af,"Secrets of the superyoung : the scientific reasons some people look ten years younger than they really are--and how you can, too / David Weeks and Jamie James. ","Weeks, David Joseph, 1944-",English,,"Unlock the secrets to looking 10 years younger! This book reveals the science behind youthful aging. 
"
f5ab902a-67c6-4b60-9ac5-e265d2ab9fc7,Babalian / Rosnani Sablee. ,Rosnani Sablee.,Malay,,"Dive into the world of ""Babalian"" by Rosnani Sablee, a captivating Malay story waiting to be explored. 
"
b0e00150-d5fb-4077-a4f4-1586f42f534b,"Managing or removing the career break : a report of a workshop held on 2nd December 1981 at the Westmoreland Hotel London / edited by Margery Povall, Joan Hastings. ",,English,,"**Career break holding you back? Discover how to manage or ditch it! (1981)** 
"
1a91a4d5-1156-413e-ab81-7a14e68a3b23,shen jia hua yuan zhi mi / Wei bin hai zhu ; [dai xiao ming cha tu]. æ²ˆå®¶èŠ±å›­ä¹‹è¿· / é­æ»¨æµ·è‘— ; [æˆ´æ™“æ˜æ’å›¾]. ,"Wei, Bin Hai.|é­æ»¨æµ·.",Chinese,,"Unravel the mystery of the Shen family garden in this captivating Chinese novel. 
"
1fcdb771-8688-449e-912f-82a7cfffddc0,Daggers and bayonets : a history / by Logan Thompson. ,"Thompson, Logan.",English,,"Uncover the deadly history hidden beneath the glint of daggers and bayonets. 
"
baa0464b-52a2-4aff-914b-aacfbec4498c,"Readings in business environment / edited by S.D. Sharma, Peter Rebello. ",,English,,"**Dive into the world of business with ""Readings in Business Environment"" - your guide to success!** 
"
a0f6f855-fd95-4681-9f68-a6f723a43aef,Dong wu / [Hejia bian zhu]. åŠ¨ç‰© / [ç¦¾ç¨¼ç¼–è‘—]. ,Hejia.|ç¦¾ç¨¼.,Chinese,,"Dive into the fascinating world of fauna with ""Dongwu,"" a captivating Chinese read exploring the wonders of the animal kingdom. 
"
e9980c5c-380f-489f-8f32-60d0c228f6de,Introduction to linear algebra [by] Franz E. Hohn. Under the editorship of Carl B. Allendoerfer. ,"Hohn, Franz Edward, 1915-1977.",English,,"Unlock the power of matrices and equations with ""Introduction to Linear Algebra"" by Franz E. Hohn. 
"
2103d997-dd95-4199-8989-2f7fe74e736a,"Food Act, 1983 (Act 281) & Food Regulations, 1985 : (as at 15th December 1990) / compiled by Legal Research Board. ",Malaysia.,English,,"**Unpack the mysteries of Malaysia's food laws! Dive into the Food Act of 1983 & its regulations (as of 1990).** 
"
51fb50ce-8ba2-49a8-b767-9d5abe0057c2,He de du bai / Cheng jun shi xuan. æ²³çš„ç‹¬ç™½ / æˆå›è¯—é€‰. ,"Cheng, Jun, 1951-|æˆå›, 1951-",Chinese,,"Dive into the lyrical world of ""He de du bai,"" a captivating selection of Chinese poetry by renowned author Cheng Jun, exploring themes of life, love, and the human experience. 
"
376fc65d-93d2-4beb-86da-0c5657e57beb,Clash of civilizations over an elevator in Piazza Vittorio / Amara Lakhous ; translated from the Italian by Ann Goldstein. ,"Lakhous, Amara, 1970-",English|Italian,,"Cultures clash in a hilarious whodunnit set in a Roman apartment building. 
"
e14e4620-5c60-4ba4-b7ef-74902ca84e4f,Colleges with programs for students with learning disabilities or attention deficit disorders. ,,English,,"**Find the perfect college that supports your learning style and helps you thrive!** 
"
e7fd99d5-1a87-4264-a9e5-0ae70bb7572d,"[Table showing real property in Singapore, 1821]. ",,English,,"**Uncover Singapore's 1821 real estate secrets!** ğŸ ğŸ—ï¸  
"
d5b8cfe1-57b2-4411-ad20-72e031618fd3,Lines of flight : a novel / Marion Campbell. ,"Campbell, Marion.",English,,"Escape the ordinary.  ""Lines of Flight"" by Marion Campbell: your next literary adventure awaits. 
"
d30cb566-41c6-49a0-8990-a6c01d6a229b,Tests of total factor productivity measurement / by A. Steven Englander. ,"Englander, A. Steven.",English,,"**Want to understand how productivity is truly measured? Dive into ""Tests of Total Factor Productivity Measurement"" for eye-opening insights.** 
"
521364d0-523f-4368-8fef-0eceb7951103,"Xi yang ren sheng yu xing : Yu lao nian peng you tan xing jian kang / Zhu bian, long ling. å¤•é˜³äººç”Ÿä¸æ€§ : ä¸è€å¹´æœ‹å‹è°ˆæ€§å¥åº· / ä¸»ç¼–, é¾™è±. ",,Chinese,,"**Discover a new chapter in life's journey. ""Sunset Years and Sexuality"" explores health and intimacy for seniors. ** 
"
192d662d-abce-4b12-bc8f-a24a4581b6f2,"Globalization, technology, and competition : the fusion of computers and telecommunications in the 1990s / edited by Stephen P. Bradley, Jerry A. Hausman, Richard L. Nolan. ",,English,,"**How did computers & telecoms transform the 90s? This book reveals the tech fusion that shaped our world.** 
"
8853579c-1d64-43d7-9f4d-357a1a90dcbc,The book of skulls / Robert Silverberg. ,"Silverberg, Robert.",English,,"**Robert Silverberg's *The Book of Skulls*: Unravel the secrets, confront your mortality.** 
"
cbf2aded-fb73-4060-8bf8-fbe0e34478b5,Nelson Mandela : father of freedom / Hakim Adi. ,"Adi, Hakim.",English,,"Discover the powerful legacy of Nelson Mandela, a true ""father of freedom,"" in this captivating biography. 
"
819e5a38-26ce-4036-a0d9-9d0b807965bd,"The collector's guide to classic cameras, 1945-1985 / John Wade. ","Wade, John, 1945-",English,,"**Snag your copy:**  Vintage camera buff? ""The Collector's Guide to Classic Cameras"" is your treasure map to 1945-1985's coolest gear. 
"
e06b0711-113e-49c6-98e7-86c13a7ffd42,Hou hei jiao zhu Du Yuesheng / Sima Lieren zhu. åšé»‘æ•™ä¸»æœæœˆç¬™ / å¸é©¬çƒˆäººè‘—. ,Sima Lieren.|å¸é©¬çƒˆäºº.,Chinese,,"Uncover the secrets of Du Yuesheng, Shanghai's infamous kingpin, in this captivating biography. 
"
213bc947-d76b-465a-8e13-c135a28756af,"Tang guo wu / yuan zhu, Gelin xiong di ; yi xie, Yi Ran ; hui hua, Zhou Xue. ç³–æœå±‹ / åŸè‘—, æ ¼æ—å…„å¼Ÿ ; è¯‘å†™, æ¼ªç„¶ ; ç»˜ç”», å‘¨é›ª. ","Yi, Ran.|æ¼ªç„¶.",Chinese,,"Reimagine the classic Grimm tale! ""Candy House"" offers a fresh, Chinese perspective on a beloved story. 
"
0e4fdb3d-437e-4260-80c9-7b5f500d1e34,Jackie Chan / by Amy Stone. ,"Stone, Amy, 1947-",English,"For decades, stunt master Jackie Chan has brought humor as well as skill to martial arts movies. He delights audiences with his death-defying stunts and abilities as an actor and director. His movies include Shanghai Noon, Rush Hour, and New Police Story. Winner of many awards, Jackie Chan has his star in the Hollywood Walk of Fame. His work continues to thrill action-movie fans around the world. ","Jackie Chan: Master of stunts, king of laughs. Dive into the life of a legend. 
"
b118ff06-e5fe-4d23-9178-700c84bb5a08,Game of thrones [sound recording] / George R. R. Martin. ,"Martin, George R. R.",English,"Long ago, an enigmatic event forever changed the seasons in Winterfell. Thus the land was blessed with lush summers and simultaneously cursed with harsh winters. Now, Winterfell's borders are being increasingly encroached, forcing the prominent Stark family to defend its kingdom from enemies both old and new, including the rival Lannister House and a legendary demon. ","Winter is coming... and so is a battle for survival. Dive into the epic fantasy of Game of Thrones! 
"
b7c8b7c1-8ba0-4a00-bbea-04b27aa2d603,Times giant book of 4000 words. ,,English,,"Expand your vocabulary and conquer the English language with the *Times Giant Book of 4000 Words*. 
"
e2ba3360-0837-4aba-a6c0-1a90490bab0f,Flash house / Aimee Liu. ,"Liu, Aimee E.",English,,"**Intrigue:**

* **Secrets and lies built a dream home. Now, it's about to crumble.** 

Let me know if you'd like me to try a different approach! 
"
28aa8c88-833b-4c9f-8fa4-670895666a2f,"Drawing on the right side of the brain : a course in enhancing creativity and artistic confidence / Betty Edwards ; [instructional drawings, Betty Edwards, cover drawing, John Boomer]. ","Edwards, Betty.",English,,"Unlock your inner artist and boost your creativity with ""Drawing on the Right Side of the Brain."" 
"
84b0fef6-0d2c-441d-8c10-f8ff2aac74ca,"Market research : a guide to planning, methodology & evaluation / Paul Hague. ","Hague, Paul N.",English,,"**Master the art of market research â€“ plan, strategize, and win!** 
"
88bd3084-d5e7-45f7-9988-f5e383fcfa0d,Victorian needlepoint / Beth Russell ; special photography by John Greenwood. ,"Russell, Beth.",English,,"**Stitch up some Victorian vibes!**  Explore gorgeous needlepoint designs with stunning photography. 
"
07f98e33-67d2-4738-a3e8-eaf09a86c4c7,An American architecture. Edited by Edgar Kaufmann. ,"Wright, Frank Lloyd, 1867-1959.",English,,"**Discover Frank Lloyd Wright's vision for an ""American Architecture"" - a timeless classic.** 
"
bfbf1e2d-1fc9-4791-9882-52f73d6ec045,Muntwezen en circulatie-banken in Nederlandsch-IndieÌ€e. ,"Vissering, Gernard, 1865-1937.",duteng,,"Dive into the fascinating history of Dutch Indies' currency and banking with ""Muntwezen en circulatie-banken""! 
"
64d9b005-8f8f-4846-9255-9fe5bb77f201,"Mortality, expectation of life / J.H. Pollard. ","Pollard, J. H. (John Hurlstone), 1942-",English,,"Dive into the intriguing world of life expectancy with J.H. Pollard's ""Mortality, Expectation of Life."" 
"
322998a4-5ac2-4f36-928a-4770e096e4a2,The life of Dylan Thomas / Constantine Fitz Gibbon. ,"Fitz Gibbon, Constantine.",English,,"Dive into the chaotic brilliance of Dylan Thomas's life. A must-read for poetry lovers and rebels alike. 
"
2fef487f-5e13-4dc0-bada-c0e4674c3960,Fresh Italian / Marina Filippelli. ,"Filippelli, Marina.",English,,"Craving Italy? ğŸ‡®ğŸ‡¹ **Fresh Italian** serves up vibrant recipes for a taste of la dolce vita. ğŸ 
"
dc034782-c3cd-4840-a477-92fe6d84c0a7,Sports ground management : a complete guide / Stewart Brown ; foreword by Alan Penn. ,"Brown, Stewart, 1964-",English,,"**Level up your sports field game!** This complete guide has all the secrets to top-notch grounds management. 
"
c7c9b7d8-62e4-4ae4-b895-9d351d92542e,You gou yu shi zui Xianggang / You gou yu shi bian xie zu bian zhu. æ¸¸è´­å¨±é£Ÿæœ€é¦™æ¸¯ / æ¸¸è´­å¨±é£Ÿç¼–å†™ç»„ç¼–è‘—. ,,Chinese,,"Discover the best of Hong Kong's shopping, dining, and entertainment - your ultimate guide awaits! 
"
6c48a088-3d6f-4bc1-b917-1d9044d57bf8,The foundations of modern science in the middle ages / by Edward Grant. ,"Grant, Edward, 1943-",English,The roots of modern science were planted in ancient & medieval world long before the Scientific Revolution of the 17th century. This shows it is not by chance that the modern science & modern university occurred simultaneously during the Middle Ages. ,"Discover how the Middle Ages *actually* sparked the Scientific Revolution â€“ it wasn't all about the Dark Ages! 
"
dd208c8d-db5e-4782-b68a-13ccb881fcc2,"Prinsip-prinsip pemerintahan dalam masyarakat majmuk / penyunting, Abdul Munir Yaacob. ",,Malay,,"Uncover the principles of governing diverse societies in ""Prinsip-prinsip pemerintahan dalam masyarakat majmuk"" â€“ borrow it now! 
"
2a0c657f-105d-468b-af0c-b3e0d8ac8077,Pitching; the basic fundamentals and mechanics of successful pitching. ,"Shaw, Bob, 1933-",English,"Explains the delivery of different kinds of pitches, techniques of teaching pitching, pitching strategy, the execution of pick-off plays and fielding duties of the pitcher, and his mental and physical conditioning. ","Master the mound: Learn the secrets of successful pitching from delivery to strategy.  
"
b4a37191-c6f5-4bfd-a932-9eef81b28706,"Yandang Shan = Yandang Mountain / [zhu bian, Zhang Guoqian, Zhang Huawu ; she ying, Zhang Houquan deng]. é›è¡å±± = Yandang Mountain / [ä¸»ç¼–, å¼ å›½è°¦, å¼ åå¾ ; æ‘„å½±, å¼ ä¾¯æƒç­‰]. ",,Chinese|English,,"**Explore the breathtaking beauty of China's Yandang Mountain through stunning photography and bilingual descriptions.  ** 
"
51cf2dde-73b6-4ca5-8a0e-6ca866829054,Problems of literary evaluation / edited by Joseph Strelka. ,,English,,"**Dive into the fascinating world of literary criticism with ""Problems of Literary Evaluation."" What makes a book *really* good?** 
"
962df991-d5e1-4ad6-8280-636659dcb24e,Language and nationalism : two integrative essays / [by] Joshua A. Fishman. ,"Fishman, Joshua A.",English,,"**Explore the powerful link between language and national identity in this thought-provoking read.** 
"
155a8873-e934-4dd7-a111-7b7bb7550c12,Republic of Tajikistan : transport sector master plan (financed by the Japan Special Fund) ,,English,,"**Tajikistan's transport future revealed! Explore the master plan shaping roads, railways & more.** 
"
c12717b0-5719-4d71-8455-6e802ee8a12d,"Criticism and ideology : second African Writers' Conference, Stockholm, 1986 / edited by Kirsten Holst Petersen ; with an introductory essay by Per WeÌ€astberg. ","African Writers' Conference (2nd : 1986 : Stockholm, Sweden)",English,,"Dive into the heart of African literature and explore the power of criticism and ideology at the 1986 Stockholm Writers' Conference. 
"
0a379670-61bf-40f2-a820-eaf93bd38ab8,"Power revolution in the industrialization of Japan, 1885-1940 / by Ryoshin Minami. ","Minami, RyoÌ„shin, 1933-",English,,"Uncover the energy that fueled Japan's rise! Explore the ""Power Revolution"" from 1885-1940. 
"
995f89fe-7d77-424e-a164-b8befd58cd87,"Transformational leadership / Bernard M. Bass, Ronald E. Riggio. ","Bass, Bernard M.",English,,"Want to become a truly inspiring leader? Dive into ""Transformational Leadership"" by Bass & Riggio. 
"
ee09c778-b393-4b0c-aa80-15b645776c81,The third wave / Alvin Toffler. ,"Toffler, Alvin, 1928-",English,,"**Dive into ""The Third Wave"" by Alvin Toffler and ride the currents shaping our future.** 
"
96364f42-1ac6-4a8d-ab4b-f68c325c2ffe,Nan zhuang nuÌˆ die : yi ge zhen shi de Chuandao Fangzi / You Zi bian zhu. ç”·è£…å¥³è° : ä¸€ä¸ªçœŸå®çš„å·å²›èŠ³å­ / å‹å­ç¼–è‘—. ,"You, Zi.|å‹å­.",Chinese,,"Unmask the true story of Kawashima Yoshiko, the cross-dressing spy who captivated a nation. 
"
ae150189-efd7-4f20-a1c5-f5f6b29c9c9c,AnÌ²putÌ£anÌ² kaÌ„tali / IntiraÌ„ CauntarraÌ„janÌ². à®…à®©à¯à®ªà¯à®Ÿà®©à¯ à®•à®¾à®¤à®²à®¿ / à®‡à®¨à¯à®¤à®¿à®°à®¾ à®šà¯Œà®¨à¯à®¤à®°à¯à®°à®¾à®œà®©à¯. ,IntiraÌ„ CauntarraÌ„janÌ².|à®‡à®¨à¯à®¤à®¿à®°à®¾ à®šà¯Œà®¨à¯à®¤à®°à¯à®°à®¾à®œà®©à¯.,Tamil,,"Dive into a world of Tamil romance with ""Anputan Katali"" - where love blossoms unexpectedly. 
"
2d159d47-6857-4134-97fa-9e67342dc4c7,Effigy / Alissa York. ,"York, Alissa.",English,,"**Uncover the mystery behind the effigy. Alissa York's gripping novel will keep you guessing.** 
"
baf37bc6-4991-4620-bb01-c8748b56c97c,Thailand travel manual. ,,English,,"Escape to Thailand! Your ultimate adventure starts with this travel manual. ğŸŒ´ 
"
c00c7ed1-9b61-47ff-8324-742a4815e87e,Who's who in the Bible / Claire Llewellyn. ,"Llewellyn, Claire.",English,,"Unravel the mysteries and meet the legends. Discover **Who's Who in the Bible**. 
"
d8510561-5809-4456-bba4-50e61583be97,Information analysis and retrieval. ,"Kent, Allen.",English,,"**Unlock the secrets of finding anything. Dive into ""Information Analysis & Retrieval"" by Allen Kent.** 
"
b6638e80-a685-42d3-99a0-803ea98628fe,The island of Doctor Moreau / H.G. Wells. ,"Wells, H. G. (Herbert George), 1866-1946.",English,,"Dare to visit *The Island of Doctor Moreau*? H.G. Wells' classic will chill you to the bone. 
"
6640c5e6-c137-4546-858d-2c5fbaf69536,Puccini : his international art / Michele Girardi ; translated by Laura Basini. ,"Girardi, Michele.",English|Italian,,"**Uncover the global genius of Puccini's music. Dive into his international artistry.** 
"
3b31383a-02c2-41ab-b0dc-b3b43425380f,"Professional negligence / by A.M. Dugdale, K.M. Stanton ; assistant editor, J.E. Parkinson. ","Dugdale, Anthony M.",English,,"**Need the upper hand?** Dive into ""Professional Negligence"" and learn how to navigate those tricky legal waters. 
"
f89de6ef-122a-4f32-a570-c14e95d516af,"Secrets of Ayurveda / Gopi Warrier, Harish Verma, and Karen Sullivan. ","Warrier, Gopi.",English,,"**Unlock the ancient wisdom of Ayurveda and discover its secrets for a healthier, happier you. ** 
"
aaa3918e-f27b-4c59-bb7f-cab399cc09fa,A guide to A portrait of the artist as a young man / Iona McGregor with Tony Buzan. ,"McGregor, Iona.",English,,"Unlock the secrets of Joyce's masterpiece with ""A Guide to A Portrait of the Artist as a Young Man."" 
"
bfaa6ad4-dbc5-430b-a621-1316752de4c1,3-6 sui qin zi jiao xue you xi / Qu Mujie zhu bian. 3-6å²äº²å­æ•™å­¦æ¸¸æˆ / åŒºæ…•æ´ä¸»ç¼–. ,,Chinese,,"Unlock your inner child! ""3-6 sui qin zi jiao xue you xi"" explores fun and educational games for bonding with little ones. 
"
025d64f5-bb4e-4e3b-b0f2-c3af59ab492c,Volcano! / Ellen J. Prager ; illustrated by Nancy Woodman. ,"Prager, Ellen J.",English,,"Erupt into the fiery world of volcanoes! Ellen J. Prager explores their explosive power and breathtaking beauty. ğŸŒ‹ 
"
6b886089-f5e6-4690-84e9-6c8b16f7fe4b,Misteri akibat dadah / Ramlan Salim. ,Ramlan Salim.,Malay,,"Unravel the dark secrets of addiction in ""Misteri Akibat Dadah"" by Ramlan Salim. 
"
d89645b4-92b5-40fc-9b11-93ff12912bc1,McGraw-Hill encyclopedia of world drama. ,,English,,"Unravel the dramatic tapestry of the world. Dive into the ""McGraw-Hill Encyclopedia of World Drama."" 
"
9de6fdf0-267b-441f-9eb7-d2adaccc7ab1,"National University of Singapore Public Policy Programme Conference : perspectives on public policy in the 21st century, 6-8 September 1999, Orchard Hotel : Session B [on] facing the technology challenges of the 21st century. ",National University of Singapore Public Policy Programme Conference (1999 : Singapore),English,,"Dive into the biggest tech challenges of the 21st century at the 1999 NUS Public Policy Conference - see how the future unfolded! 
"
4ae65a53-51da-49ba-a5b9-fec50a5ca60f,The book of dead birds : a novel / Gayle Brandeis. ,"Brandeis, Gayle.",English,,"**Secrets and dead birds collide in Gayle Brandeis's haunting novel, ""The Book of Dead Birds.""** 
"
4fbbbf57-f3b4-48c9-8185-ce9f6917c604,The poisonwood Bible / Barbara Kingsolver. ,"Kingsolver, Barbara.",English,,"**Journey to the heart of Africa in The Poisonwood Bible, a captivating tale of family and forgiveness.** 
"
d33e9c83-392f-44b0-b79f-9924cf87998f,Luann 3 : sixteen isn't pretty / by Greg Evans. ,"Evans, Greg, 1947-",English,,"Turning sixteen is tough... just ask Luann. Dive into the drama and laughs in ""Luann 3: Sixteen Isn't Pretty."" 
"
95423368-4685-4250-9e05-3b9969cc8b13,"Three Indian poets : Nissim Ezekiel, A.K. Ramanujan, Dom Moraes / Bruce King. ","King, Bruce Alvin.",English,,"Dive into the vibrant world of modern Indian poetry with ""Three Indian Poets,"" exploring the works of Ezekiel, Ramanujan, and Moraes. 
"
311e375a-9856-47bc-bf8c-87c8bd9b4e80,Living in the raw gourmet / Rose Lee Calabro. ,"Calabro, Rose Lee.",English,,"Craving delicious food that makes you feel amazing? **Go raw with gourmet recipes** from Rose Lee Calabro! 
"
a087d63a-6dbd-4d31-8285-9b79f8d4d7df,Zhong guo dian ying nian jian = China film yearbook / Zhong guo dian ying nian jian she bian zuan. ä¸­å›½ç”µå½±å¹´é‰´ = China film yearbook / ä¸­å›½ç”µå½±å¹´é‰´ç¤¾ç¼–çº‚. ,,chieng,,"Dive into the world of Chinese cinema with the ""China Film Yearbook,"" your annual guide to the magic of movies! 
"
7c47d1ad-a518-487c-83d5-dcb7b7f25503,The big book of color in design / edited by David E. Carter. ,,English,,"**Unleash your inner artist!** Dive into ""The Big Book of Color in Design"" and master the art of color. 
"
22e523c4-dfcc-43f5-8f68-cfa00361e48b,[Calendar]. ,University of British Columbia. School of Librarianship.,English,,"Plan your next chapter! The UBC School of Librarianship presents [Calendar] - your guide to academic success. 
"
992eebef-9821-4eac-9eb6-f16477710cf2,"Encyclopedia of northwest music : from classical recordings to classic rock performances, your guide to the best of the region / James Bush. ","Bush, James, 1961-",English,,"**Rock out to classical vibes!** Discover the Northwest's best music, from recordings to live gigs, in this epic encyclopedia. 
"
c9eb6e0b-e153-42ea-aaa5-6e47fc8e5e68,The quark and the jaguar : adventures in the simple and the complex / Murray Gell-Mann. ,"Gell-Mann, Murray.",English,,"**Unravel the mysteries of the universe: from tiny quarks to the complex dance of life in ""The Quark and the Jaguar.""** 
"
8b2b37c2-9eba-4268-bbb9-1488615d5a00,Early child care in France / by Myriam David and IreÌ€ne LeÌzine. ,"David, Myriam.",English,,"Discover the French approach to early child care with ""Early Child Care in France"" by Myriam David and IreÌ€ne LeÌzine. 
"
74e59651-db7c-402a-964b-655ab87da801,"Qi huan kong long gong yuan  : gu sheng dai de shi jie / bian hui, Pan Zhihui. å¥‡å¹»æé¾™å…¬å›­ : å¤ç”Ÿä»£çš„ä¸–ç•Œ / ç¼–ç»˜, æ½˜å¿—è¾‰. ",,Chinese,,"Journey to a fantastical prehistoric world in ""Qi huan kong long gong yuan,"" where dinosaurs roam and ancient secrets await.  
"
a9dff0bc-68b0-4274-ad36-fb7a6da3afd5,The fade / Chris Wooding. ,"Wooding, Chris, 1977-",English,,"**What happens when reality itself starts to fade? Dive into Chris Wooding's chilling thriller, ""The Fade.""** 
"
3ac3db31-8082-449e-adaa-b3c325d9a951,"Juniper Networks reference guide : JUNOS routing, configuration, and architecture / Thomas M. Thomas ... [et al.]. ",,English,,"**Master the power of JUNOS!**  Dive deep into routing, configuration, and architecture with this comprehensive guide. 
"
817a3212-c4e9-494c-a6f9-2b862174c2df,Magic tricks : get started in a new craft with easy-to-follow projects for beginners / Peter Eldin. ,"Eldin, Peter, 1939-",English,,"**Unleash your inner magician!** Learn easy magic tricks with ""Magic Tricks: Get Started in a New Craft."" 
"
d0f85983-917f-4130-9279-37c4c5697762,"Kleppner's advertising procedure / J. Thomas Russell, W. Ronald Lane. ","Russell, Thomas, 1941-",English,,"**Want to master the art of persuasion? Dive into ""Kleppner's Advertising Procedure"" and learn the secrets behind impactful campaigns.** 
"
7bb7c7be-0ab3-432f-890a-819f60323ef1,Running on fumes / Franklin W. Dixon. ,"Dixon, Franklin W.",English,Frank and Joe travel to California where they investigate the leader of a utopian community and his followers to see if they intend to sabotage the oil industry. ,"Utopia or sabotage? The Hardy Boys uncover a sinister plot targeting California's oil in ""Running on Fumes."" 
"
eadecff1-38ad-495c-909f-5472c8a9ef88,Business beyond the box : applying your mind for breakthrough results / John O'Keeffe. ,"O'Keeffe, John.",English,,"**Think outside the cubicle:  ""Business Beyond the Box"" will unlock your potential for killer results. ** 
"
ac98d9f0-ac7a-4878-b0b2-41ecea9cb2c0,The war of the worlds / by H.G. Wells ; adapted by Mary Ann Evans ; illustrated by Paul Wenzel ; [cover illustration by Neil Mcpheeters]. ,"Evans, Mary Ann.",English,"As life on Mars becomes impossible, Martians and their terrifying machines invade the earth. ","Martians invade Earth with terrifying machines! Will humanity survive H.G. Wells' classic, adapted by Mary Ann Evans? 
"
5dfdaa40-98d1-4ed9-b460-870606c73e8b,SWT/JFace in action / Matthew Scarpino ... [et al.]. ,,English,,"Master Java UI design! ""SWT/JFace in Action"" is your guide to building sleek, powerful applications. 
"
5c1dfd57-622a-496d-9500-def2d7f77a3d,"M*A*S*H. TV season six [videorecording] / directors, Karen Hall, Hy Averback. ",,English|French|Spanish,The adventures continue for the doctors and nurses of the 4077th unit during the Korean War. Includes all of the episodes from the 1977-78 season. ,"Relive the laughs and drama of the 4077th!  M*A*S*H Season Six - all the episodes from '77-'78. 
"
5e22c0b3-9e62-4e05-aaad-e86840fc8e80,I know how we fight germs / Kate Rowan ; illustrated by Katharine McEwen. ,"Rowan, Kate.",English,,"**Want to fight germs like a pro? This book spills the tea. (Illustrations included!)** 
"
f3e2cb9b-07e8-496d-ba27-64b5228ecdef,Eat cake / Jeanne Ray. ,"Ray, Jeanne.",English,,"**Indulge in a delicious escape. Borrow ""Eat Cake"" today!** 
"
253e3ebc-56bf-408b-a917-dd4169de6123,Working with computer type : experimental typography / Rob Carter. ,"Carter, Rob.",English,,"**Want to push the boundaries of design? Explore experimental typography in ""Working with Computer Type"" by Rob Carter.** 
"
5ff793d2-1e79-4a13-b416-ac1bb077e58b,Bing qi shi zu / Sun wei tao...[deng] bian zhu. å…µå™¨å§‹ç¥– / å­™ç»´éŸ¬...[ç­‰]ç¼–è‘—. ,"Sun, Wei Tao.|å­™ç»´éŸ¬.",Chinese,,"Uncover the fascinating origins of weaponry in ""å…µå™¨å§‹ç¥–"" by Sun Wei Tao. Explore the ancient roots of combat technology! 
"
376242c3-0780-4842-a4f3-d2413ac5ccb1,Teaching library skills in schools / James E. Herring. ,"Herring, James E.",English,,"**Need help navigating the library for research?  This book is your secret weapon!** 
"
d914d46e-6f45-4e7f-ae87-223e94575664,"33 duo mei li de qi ji = Small miracles / zuo zhe, Yedi Hangbositan, Zhudisi Liwenfo ; yi zhe, Zhu Yi. 33æœµç¾ä¸½çš„å¥‡è¿¹ = Small miracles / ä½œè€…, å¶è’‚ã€‚æ­ä¼¯æ–¯å¦ã€èŒ±è’‚æ–¯ã€‚ææ–‡ä½› ; è¯‘è€…, æœ±è¡£. ","Mandelbaum, Yitta Halberstam.",Chinese|English,,"Discover 33 inspiring stories of resilience and hope in ""Small Miracles"" by Yitta Halberstam, a testament to the power of the human spirit. 
"
8fa44d08-cf9a-49dc-b909-dd06f3bc31bc,Hi-tech '800 maquinas = hi-tech '800 machines. ,,mul,,"Blast to the future with ""Hi-Tech '800 Machines""! Relive the tech dreams of the 1980s. 
"
a07dccc5-d6c2-43dd-9d4a-b82ff3033ac8,The burning / Bentley Little. ,"Little, Bentley.",English,,"**Something sinister is burning in Bentley Little's latest thriller. Will you dare face the flames?** 
"
d87ea7ef-1e02-49b3-9196-f67d3d013611,"Flies / by Cheryl Coughlan ; consulting editor, Gail Saunders-Smith ; consultant, Gary A. Dunn. ","Coughlan, Cheryl.",English,Simple text and photographs present the features and behavior of flies. ,"Unveiling the captivating world of flies: their secrets, behaviors, and more. Dive into ""Flies"" by Cheryl Coughlan. 
"
2151c59d-0986-4435-89ff-b17b06bdfb69,A history of British and American etching / by James Laver. ,"Laver, James, 1899-",English,,"**Dive into the artistry of etching with ""A History of British and American Etching"" by James Laver. ** 
"
f8c2dc0f-27cc-444e-9311-a8adce3959e8,Where's the dinosaur? / illustrated by Keith Moseley. ,,English,"Grandfather, George, and Meg the dog are on the hunt for dinosaurs. Count how many dinosaurs you can find as you join them on their search. ","Join the dino hunt! Can you find more prehistoric pals than George and Grandpa? ğŸ¦– #WheresTheDinosaur 
"
e739fa9f-d9f2-4b53-98ba-0908c0fb08ed,"Marketing communications : a European perspective / Patrick De Pelsmacker, Maggie Geuens, Joeri Van den Bergh. ","Pelsmacker, Patrick de, 1957-",English,,"**Unlock the secrets of European marketing with ""Marketing Communications"" by De Pelsmacker, Geuens & Van den Bergh!** 
"
871e3e67-2fe1-48fa-8870-caaa5c31baf3,Buddhist devotion and meditation : an objective description and study. ,"Pe Maung Tin, U.",English,,"Dive deep into Buddhist practice!  ""Buddhist Devotion and Meditation"" offers an insightful exploration of meditation and devotion. 
"
174c77ab-fbc9-4639-b920-6312815153c4,Kitchen planning and design : guidelines for foodservice operators. ,,English,,"**Want the dream kitchen? This book's got your back! Design a food lover's paradise.** 
"
95e0f377-c5f2-4cb0-a2e4-0ea36d5793f6,Jalopy : a car's story in five drivers / Geraldine McCaughrean ; illustrated by Ross Collins. ,"McCaughrean, Geraldine.",English,,"**Five drivers. One jalopy. Whose story will it tell?** 
"
86d0e861-de12-42b7-bc75-4a9991005913,The new renaissance : computers and the next level of civilization / Douglas S. Robertson. ,"Robertson, Douglas S.",English,,"Ready for the next level? ğŸ¤– ""The New Renaissance"" explores how computers are shaping the future of civilization. 
"
f30e9aed-6e47-474a-a722-5ca3767ae9fe,The Year's work in the theatre. ,,English,,"**Dive into the best and brightest of the stage â€“ explore ""The Year's Work in the Theatre""** 
"
b58eaf6e-8327-41ab-8c50-c63850497e5a,Papier maÌ‚cheÌ / Peter Rush. ,"Rush, Peter, 1937-",English,,"Unleash your creativity! ""Papier MÃ¢chÃ©"" by Peter Rush will inspire your next DIY project. 
"
8f212964-aed3-4b1a-8a0b-91ab8883a01e,Birds of tropical Asia 3.0 [electronic resource] : sounds and sights / Jelle Scharringa. ,"Scharringa, Jelle.",English,"Includes 2,090 sound recordings (20 hours) of 911 species and 700 photographs of 483 species. ","Immerse yourself in the sights & sounds of 911 tropical bird species with 20 hours of audio and hundreds of stunning photos. 
"
de39b07b-44dd-4f60-8969-612fa897f9f5,Zhong gong li shi de jian zheng : Sima Lu hui yi lu / Sima Lu zhu. ä¸­å…±å†å²çš„è§è¯ : å¸é©¬ç’å›å¿†å½• / å¸é©¬ç’è‘—. ,"Sima, Lu, 1919-|å¸é©¬ç’, 1919-",Chinese,,"Dive into the heart of Chinese history with ""Zhong gong li shi de jian zheng,"" a captivating memoir by Sima Lu, a firsthand witness to pivotal events. 
"
05646ee6-75f0-4c21-b93d-867892696388,Economics of labor relations [by] Gordon F. Bloom [and] Herbert R. Northrup. ,"Bloom, Gordon Falk, 1918-",English,,"**Dive into the fascinating world of work with ""Economics of Labor Relations"" by Bloom & Northrup!** 
"
9a20afd1-4460-44b2-ad22-3629c3cb3b2a,Revelation / J. Vernon McGee. ,"McGee, J. Vernon (John Vernon), 1904-",English,,"Unveiling the mysteries of Revelation with J. Vernon McGee. Borrow now and unlock the end times! 
"
5df9ff94-8d45-412f-85c0-edf10e9cc766,The roots of Acehnese rebellion 1989-1992 / Tim Kell. ,"Kell, Tim.",English,,"Uncover the truth: What sparked the Acehnese rebellion?  
"
19be16e4-1f15-4fb9-9478-29db838adda1,Samaritan [sound recording] / Richard Price ; produced by Robert Kessler. ,"Price, Richard, 1949-",English,"Ray Mitchell, a former TV writer, has returned to his hometown to reunite with his estranged teenage daughter, Ruby. Eager to contribute to his beleaguered community, Ray begins volunteering as a writing teacher at a local high school. When a brutal assault leaves him hospitalized, Nerese Ammons, a nearly retired detective and lost childhood friend of Ray's, investigates. She discovers, however, that while Ray can identify his attacker, he is unwilling to disclose their identity. Anxious to end her career with fireworks, Nerese continues digging, only to find that Ray made several generous donations to poor acquaintances and recently began a romantic relationship with the wife of an established criminal. While the case looks closed, Nerese continues to find evidence of Ray's troubled past and shortsighted altruism, increasing the number of possible assailants and suggesting Ray's complicity in the crime. ","A brutal attack. A mysterious past. Can a good deed really make you a target? 
"
b59b34f1-8c7f-4468-8508-1b6d738da7cd,Mama and Daddy Bear's divorce / Cornelia Maude Spelman ; illustrated by Kathy Parkinson. ,"Spelman, Cornelia.",English,Dinah Bear feels sad and scared when her parents say they are going to divorce. ,"**Dinah Bear navigates the emotional rollercoaster of divorce. Can this family find their way back to happiness?** 
"
5b65a6c1-55fb-42a4-9cef-313e3befe205,The Standard periodical directory. ,,English,This directory may be used to identify specialized trade journals as possible sources of business information or advertising. ,"Need to target your business?  Find the perfect trade journal in ""The Standard Periodical Directory."" 
"
d7b2fd60-9fa9-4a69-9101-38ee0709393d,Project profiles. ,New Zealand Bilateral Assistance Programme.,English,,"Discover inspiring global initiatives making a real difference with ""Project Profiles."" 
"
36ad86f9-e17f-4fff-ab0b-9d6ed3aa12b8,The Odd egg / Emily Gravett.. ,"Gravett, Emily.",English,,"Duck, duck, twist! ""The Odd Egg"" by Emily Gravett will crack you up. Don't be chicken, borrow it now! 
"
001154f9-9a47-4609-8498-1eaaffaf5f66,How to do your own painting and wallpapering. ,"Hand, Jackson.",English,,"**Ditch the dorm decor! ğŸ¨  Learn to paint and wallpaper like a pro with ""How to do your own painting and wallpapering.""** 
"
36df474d-3e3c-4046-8f13-251ac53a5f3f,The boys : the cinematic world of Laurel and Hardy / by Scott Allen Nollen ; with a foreword by John McCabe. ,"Nollen, Scott Allen.",English,,"Dive into the hilarious world of Laurel and Hardy! ğŸ¬ ""The Boys: The Cinematic World"" reveals the magic behind their iconic comedy duo. 
"
7f60c059-8df6-4a44-878a-3e2f4ebd5cfb,"Hong bi zi de xiao lu / [bian hui, Hua tong ka tong]. çº¢é¼»å­çš„å°é¹¿ / [ç¼–ç»˜, ç”»ç«¥å¡é€š]. ",,Chinese,,"A little deer with a red nose? Uncover the whimsical tale of ""Hong bi zi de xiao lu"" and rediscover the magic of Chinese storytelling. 
"
1e5d774f-26ee-4a3d-af90-bf4326aabab8,The marine aquarium for the home aquarist / by Robert F. O'Connell. ,"O'Connell, Robert Frank.",English,,"Dive into the captivating world of marine aquariums with expert guidance from Robert F. O'Connell. ğŸ  
"
803f5d3c-3e6c-43c5-87ad-0b2177858580,Even Pellerud on coaching & leadership in women's soccer / with Sam Kucey. ,"Pellerud, Even, 1953-",English,"This biography/coaching manual covers the philosophy and methods of one of the world's legendary coaches, Even Pellerud, coach of 1995 Women's World Cup Champion Norway and architect of the meteoric rise of the Canadian Women's National Team. ","**Want to coach like a champion?** Dive into the mind of Even Pellerud, legendary coach of World Cup winners! 
"
10e54be5-7ef8-4fd3-9bca-9f2325636bb0,Kirkland revels / by Victoria Holt. ,"Holt, Victoria, 1906-1993.",English,,"**Uncover the secrets of Kirkland Revels in this captivating tale by Victoria Holt.** 
"
26513036-8292-451c-8977-a9f2df3963c6,All that summer she was mad : Virginia Woolf and her doctors / Stephen Trombley. ,"Trombley, Stephen.",English,,"**Uncover the secrets behind Virginia Woolf's genius and fragility.** 
"
0ab035c5-9b92-4e83-8ea3-8073c5c9b10e,The yellow river cantata  [sound recording] / words by Kiang Weijan ; music by Hsien Hsinghai ; performed by the Central Philharmonic Society ; recitation Wong Tingying;conductor Yen Liang Kun. ,"Hsien, Hsinghai.",Chinese,,"Experience the power of music and poetry! ""The Yellow River Cantata"" will move you with its dramatic performance of China's history.  
"
9f741c4f-06c4-4abd-a024-0e75204c28f9,Gadis rambut panjang / Maria Fransiska. ,"Fransiska, Maria.",Indonesian,,"Unravel the mystery of ""Gadis Rambut Panjang"" - Maria Fransiska's captivating tale. 
"
14808338-c7b7-4b18-a765-ed48efc0d67a,"South Australian toy libraries : a survey, 1976 / compiled, written and edited by students of the South Australian Institute of Technology, Annie C. Dwyer ... [et al.]. ","Dwyer, Annie C.",English,,"**Discover the fascinating world of South Australian toy libraries in 1976!** 
"
cb67ef89-9c05-4576-91ea-9c6612ae1b5f,Yu ren de shi ji / Xing Ying zhu. æ„šäººçš„ä¸–çºª / æå½±è‘—. ,"Xing, Ying, 1912-1967.|æå½±, 1912-1967.",Chinese,,"Step into ""A Fool's Century"" and explore the captivating world crafted by Xing Ying. (Chinese language) 
"
d48e7604-ff9b-4d7f-a90c-ba2b75bb40e1,Qian mu yin xiang / Li zhen sheng bian. é’±ç©†å°è±¡ / ææŒ¯å£°ç¼–. ,,Chinese,,"Explore the fascinating world of Qian Mu through the eyes of others in ""Qian Mu Yin Xiang"" - a collection of impressions sure to intrigue and inspire. 
"
02548498-9d77-4689-8382-0f21bd7f0f15,Fa lan xi duan pian xiao shuo ji / Fu er tai deng zhu ; li qing ya yi. æ³•å…°è¥¿çŸ­ç¯‡å°è¯´é›† / ä¼å°”æ³°ç­‰è‘— ; æé’å´–è¯‘. ,"Li, Qing Ya.|æé’å´–.",English,,"Dive into French literature with this captivating collection of short stories, translated by Li Qing Ya. 
"
42dbc603-7837-44ff-814f-6f14a78db52d,My first Bible stories / [text by Christina Goodings ; illustrations by Stephen Barker]. ,"Goodings, Christina.",English,,"Rediscover the timeless stories of the Bible, beautifully retold in ""My First Bible Stories."" 
"
b20ccfcd-f269-4e0e-8785-d82b034022db,1960s : decades of the 20th century / Nick Yapp. ,"Yapp, Nicholas.",enggerfre,,"Blast back to the groovy 1960s! Explore a decade of change, revolution, and unforgettable music with Nick Yapp's captivating chronicle. 
"
d795cd52-6963-44bd-b504-3569ac66d92d,Slow down-- and get more done / Marshall J. Cook. ,"Cook, Marshall, 1944-",English,,"**Want to achieve more without burning out?  Discover the power of slowing down.** 
"
75892ea0-24a4-47d6-8584-a92db9d91389,Baked from the heart : gifts of love for special occasions / recipes & styling by Stephanie Greenleigh ; photography by Kathryn Kleinman ; conceived & produced by Jennifer Barry Designs. ,"Greenleigh, Stephanie.",English,,"**Sweeten someone's day! ""Baked from the Heart"" has the perfect recipe for every special occasion. Get baking!** 
"
f1b3a280-d497-431b-9317-0ece5ea352e4,"Plant biology : a concise introduction / Ross H. Arnett, Jr., George F. Bazinet, Jr. ","Arnett, Ross H.",English,,"Unravel the mysteries of the plant world with ""Plant Biology: A Concise Introduction"" by Arnett & Bazinet. 
"
69d0f5e8-f094-4263-9288-a1931ba967ec,Essays on financial liberalization in East and Southeast Asia [microform] / by Veerathai Santiprabhob. ,Veerathai Santiprabhob.,English,,"**Unlock the secrets of financial freedom in Asia with Veerathai Santiprabhob's insightful essays.** 
"
820dbe48-1936-4037-9e52-73d5e5524483,Kuai su xue hui shuo Guangdong hua. Dan zi pian / He Jiawen bian zhu. å¿«é€Ÿå­¦ä¼šè¯´å¹¿ä¸œè¯. å•å­—ç¯‡ / ä½•å˜‰æ–‡ç¼–è‘—. ,"He, Jiawen.|ä½•å˜‰æ–‡.",Chinese,,"Want to unlock the secrets of Cantonese?  ""Kuai su xue hui shuo Guangdong hua"" is your fast track to fluency! 
"
6bcbbe27-8034-4c46-a965-4feac166aa4c,Beauty in disarray / Harumi Setouchi ; translated by Sanford Goldstein & Kazuji Ninomiya. ,"Setouchi, Harumi, 1922-",English|Japanese,,"**Dive into the raw and captivating world of ""Beauty in Disarray"" - a Japanese literary masterpiece exploring life's complexities.** 
"
dadff58d-8a00-4772-bad8-c6f3063e191c,Xi you ji ren wu hua zhuan / Liu Huaiyu zhu. è¥¿æ¸¸è®°äººç‰©ç”»ä¼  / åˆ˜æ€€ç‰è‘—. ,"Liu, Huaiyu.|åˆ˜æ€€ç‰.",Chinese,,"Journey to the West like never before! Explore vibrant character portraits in Liu Huaiyu's captivating art book. 
"
8d5589e5-d6ab-4118-8c06-e29add4ac729,Homer's Iliad / retold by VÄ±ÌteÌŒzslav Kocourek ; translated by VladimÄ±Ìr VarÌŒecha ; illustrations by JirÌŒÄ±Ì BeÌŒhounek. ,"Kocourek, ViÌtezslav.",English|cze,,"Epic battles and ancient gods collide in this stunning retelling of Homer's Iliad. 
"
31e2e48d-5eb9-4b40-aaf5-ed20c6756b9f,Chicken soup for the golden soul : heartwarming stories of people 60 and over / [compiled by] Jack Canfield ... [et al.]. ,,English,,"Warm your heart with inspiring stories about life's adventures after 60 - Chicken Soup for the Golden Soul: click to borrow! 
"
abe0981b-454b-4a40-99ad-cf82fc0b73f4,"Shi jian guan li / [Bian zhu zhe], Tim Hindle ; [zhong wen ban yi zhe, lin feng sheng]. æ—¶é—´ç®¡ç† / [ç¼–è‘—è€…], Tim Hindle ; [ä¸­æ–‡ç‰ˆè¯‘è€…, æ—å‡¤ç”Ÿ]. ","Hindle, Tim.",Chinese|English,,"**Conquer your schedule and own your time!**  Learn practical time management skills from Tim Hindle's essential guide. 
"
6f59bba8-23e9-4d03-8306-f79067a6c47a,The hero and the outlaw : building extraordinary brands through the power of archetypes / Margaret Mark and Carol S. Pearson. ,"Mark, Margaret.",English,,"Unleash your inner hero: Discover how legendary brands are built using powerful archetypes. 
"
88cf135e-28f7-470d-8adb-49b1b99e72d3,Swiss graphic design : the origins and growth of an international style 1920-1965 / Richard Hollis. ,"Hollis, Richard.",English,,"**Discover the roots of cool: Swiss design that still shapes the world today.** 
"
9231f6ed-1227-49a6-bf4b-fdb3b8b515ad,Wilma's wicked revenge [sound recording] / by Kaye Umansky. ,"Umansky, Kaye.",English,"It's bad enough having two bossy older sisters. When they're Wicked Queens as well, you're in big trouble. Wilma's too young to be a Wicked Queen herself, but she's got her Grade Three Magic certificate and she's very, very angry. She wants revenge, and has a cunning plan that involves a really soppy girl called Snow Drop or Snow Plow or something. Can Wilma get her revenge? You just wait!. ","Wilma's had enough of her wicked older sisters. Armed with magic and revenge, can she unleash chaos with a hilariously soppy plan? 
"
8b8a5739-ef4d-43dd-9ca3-3371e4628b8d,Exploring earth and life through time / Steven M. Stanley. ,"Stanley, Steven M.",English,,"**Uncover Earth's epic history and the secrets of life's evolution. Explore now!** 
"
e1391615-7563-4449-8b42-c2db65af9429,The outsourcing process : strategies for evaluation and management / Ronan McIvor. ,"McIvor, Ronan, 1968-",English,,"**Nail your outsourcing game!** Learn to evaluate and manage like a pro with ""The Outsourcing Process"" by Ronan McIvor. 
"
dffca614-c1b4-4e70-bce4-31f19b9af6e1,"United States foreign policy for the 1970's : a new strategy for peace : a report by President Richard Nixon to the Congress, February 18, 1970. ","Nixon, Richard M. (Richard Milhous), 1913-",English,,"**Nixon's blueprint for peace or a recipe for disaster? Dive into the 1970s foreign policy debate.** 
"
5fe1e70d-5c0e-4072-82df-ff9fc4ba944c,Pak Lah pemimpin gemilang : jawapan kepada tuduhan 70 dalil / Syeikh Abu Muhammad Iqamuddin. ,"Abu Muhammad Iqamuddin, Syiekh.",Malay,,"Is Pak Lah a brilliant leader or facing 70 accusations? Uncover the truth in ""Pak Lah Pemimpin Gemilang"" by Syeikh Abu Muhammad Iqamuddin. 
"
dbe4a72f-1da9-415f-85e2-feb13a8663c1,Party politics. Vol.2. The growth of parties. ,"Jennings, Ivor, Sir.",English,,"Dive into the power struggles and evolution of political parties in ""Party Politics: The Growth of Parties."" 
"
06ec552f-e5ad-43dc-bf4b-b3ab3e2f3821,Some aspects of semantic structure in standard Thai [microform] / by Thomas Wilson Gething. ,"Gething, Thomas W. (Thomas Wilson), 1939-",English,,"Unlock the secrets of meaning in Thai language! Dive into ""Some aspects of semantic structure in standard Thai"" by Thomas Gething. 
"
986a00fd-5377-425d-a3a5-f53e7fd25aad,The problem of pain / C.S. Lewis. ,"Lewis, C. S. (Clive Staples), 1898-1963.",English,,"C.S. Lewis tackles life's toughest question: If God is good, why do we suffer? 
"
f185323a-50ab-4caa-9d8e-43012c026149,Tennyson : an illustrated life / Norman Page. ,"Page, Norman.",English,,"**Dive into the world of Tennyson with stunning visuals in this captivating illustrated biography.** 
"
11583e20-6ebe-4ce8-b90c-fb9e69a44a58,Apa arti hidup / Hadijah Salim. ,"Salim, Hadiyah.",Indonesian,,"Temukan ""Apa Arti Hidup"" bersama Hadijah Salim dan mulai perjalanan pencarian jati dirimu. 
"
c3b83bbb-93e9-4784-aa26-fa3f18238fbb,Dog days BogotaÌ / Alec Soth. ,"Soth, Alec, 1969-",English,,"Alec Soth captures the soul of BogotÃ¡ through a canine lens. Explore the city's unseen side in *Dog Days BogotÃ¡*. 
"
fcdc7f2b-406e-4085-8aff-0296e1f61ffa,The fate of Hong Kong / Gerald Segal. ,"Segal, Gerald, 1953-",English,,"Hong Kong's future hangs in the balance. Dive into Gerald Segal's insights on its fate. 
"
1b698dcd-76e7-4fff-bdab-2e48029f16d0,California girls! / Ann M. Martin. ,"Martin, Ann M., 1955-",English,,"Sun, secrets, and self-discovery await in California. Dive into Ann M. Martin's latest! 
"
bf529750-5303-4184-b8fc-506da66181af,Systems documentation manual. ,National Computing Centre Limited.,English,,"**Unlock the secrets behind tech!** Dive into the ""Systems Documentation Manual"" and learn how software really works. 
"
3259d5df-b50c-4cc4-bd4b-7f603d5ca831,Communications and national integration in Sundanese villages : implications for communications strategy / by Karl D. Jackson and Johannes Moeliono. ,"Jackson, Karl Dion.",English,,"**Explore how communication shapes communities in rural Indonesia!** 
"
cf74c219-9c65-4a9d-9f43-a1e5a8356f7a,Practical paperwork : policy making & development planning for the primary school library / Kay Harrison & Tricia Adams. ,"Harrison, Kay, 1962-",English,,"**Need help navigating school library policies and planning? This practical guide has you covered.** 
"
030acf35-3495-4a22-bba7-4a27c5924e16,Englebrecht : the South African prisoner who governed Yala / [Wijeysinghe Beligalla ; translated by Amantha Perera and Nazeem Ismail]. ,"Beligalla, Wijeysinghe.",English|snh,,"A South African prisoner ruling a Sri Lankan province? Uncover the captivating story of Englebrecht. 
"
3bc61475-1eeb-4d5a-a6f6-bcedc041aa04,John Ruskin. ,"Quennell, Peter.",English,,"Dive into the world of John Ruskin, the influential art critic who wasn't afraid to challenge the status quo. 
"
74da70c5-632d-4f2d-973b-56a1e6f2b81f,"Toward the development of Philippine national security capability, 1920-1940 [microform] : with special reference to the Commonwealth period, 1935-1940 / by Suzanne Gronemeyer Carpenter. ","Carpenter, Suzanne.",English,,"**Discover how the Philippines built its national security from 1920-1940, a pivotal period leading up to WWII.** 
"
9043fcdc-8a3a-4ba8-b104-e0305b118d0f,One / by Kathryn Otoshi. ,"Otoshi, Kathryn.",English,A number/color book reminding us that it just takes one to make everyone count. ,"**One person can change everything. Discover how in Kathryn Otoshi's powerful color story, ""One.""** 
"
3fa78fd3-2248-4644-b354-75e116190ba8,"PieÌ€ces breÌves = Short pieces : for piano solo, op. 84 / FaureÌ. ","FaureÌ, Gabriel, 1845-1924.",English,,"Dive into FaurÃ©'s world of emotion with ""Short Pieces for Piano"": 13 captivating miniatures to ignite your soul. 
"
181c162b-911e-43be-a618-635bf52b8745,Wodwo. ,"Hughes, Ted, 1930-",English,,"Dive into Ted Hughes' ""Wodwo"" â€“ where poems become portals to wild landscapes and primal emotions. 
"
bbc94c1f-2089-4960-a228-f074a5860bbb,Maze dances : for violin solo (1973) / John McCabe. ,"McCabe, John, 1939-",English,,"**Get lost in the intricate melodies of John McCabe's ""Maze Dances"" for solo violin, a captivating journey for the musically curious.** 
"
fc0b3348-8faa-4641-b9b1-5c3f081e42a8,"Ancient civilizations / Christopher Scarre, Brian M. Fagan. ","Scarre, Christopher.",English,,"**Uncover the secrets of our past. Explore ""Ancient Civilizations"" today!** 
"
b6e39937-4939-466a-b2e9-ee46b9e54d1f,"The benchmarking implementation guide / by H. James Harrington, James S. Harrington. ","Harrington, H. J. (H. James)",English,"This text presents a benchmarking implementation programme that can be applied in various corporate situations. It distinguishes between different types of benchmarking - product, service, process, equipment, and so on - and shows how to employ any types. ","**Unlock the secrets to success with ""The Benchmarking Implementation Guide"" - discover how top companies stay ahead!** 
"
226c561f-0bbd-4965-a91c-557b625a3385,The age of caricature : satirical prints in the reign of George III / by Diana Donald. ,"Donald, Diana.",English,A study of history and satire in cartoons of the late eighteenth century. ,"Unmask 18th-century Britain: Laugh (and cringe) at the savage satire of George III's reign. 
"
bb8a04fd-febc-447d-ba58-e8e381c8fec4,Developing entrepreneurial skills : essential skills for facilitating strategic change and corporate development in SMEs / Tow Khee Kin. ,"Tow, Khee Kin.",English,,"**Want to shake things up and make a difference? Discover the essential skills for entrepreneurial success.** 
"
55b61cde-32e6-4646-9e49-35e366ffa1e9,à®ªà¯†à®°à®¿à®¯ à®ªà¯à®°à®¾à®£à®¤à¯à®¤à®¿à®²à¯ à®µà®°à®²à®¾à®±à¯à®±à¯à®•à¯ à®•à¯‚à®±à¯à®•à®³à¯ [manuscript] : à®“à®°à¯ à®†à®¯à¯à®µà¯ / à®µ. à®šà®®à¯à®ªà®¨à¯à®¤à®®à¯. Periya puraÌ„nÌ£attil varalaÌ„rÌ²rÌ²uk kuÌ„rÌ²ukalÌ£ [manuscript] : oÌ„r aÌ„yvu / Va. Campantam. ,"à®šà®®à¯à®ªà®¨à¯à®¤à®®à¯, à®µ.|Campantam, Va.",Tamil,,"Dive into Tamil history with ""Periya Puranattil Varalarruk Koorugal"" - uncover the historical threads woven within the epic! 
"
1757600e-ccb4-486d-b3b1-cbbb90e19fd5,à®ˆà®´à®¤à¯à®¤à¯ à®¨à®¾à®Ÿà¯à®Ÿà®¾à®°à¯ à®ªà®¾à®Ÿà®²à¯à®•à®³à¯ : à®®à®Ÿà¯à®Ÿà®•à¯à®•à®³à®ªà¯à®ªà¯ à®®à®¾à®µà®Ÿà¯à®Ÿà®®à¯ à®†à®¯à¯à®µà¯à®®à¯ à®®à®¤à®¿à®ªà¯à®ªà¯€à®Ÿà¯à®®à¯ / à®‡. à®ªà®¾à®²à®šà¯à®¨à¯à®¤à®°à®®à¯. Ilattu nattar patalkal : Mattakkalappu mavattam ayvum matippitum / I. Palacuntaram. ,"à®ªà®¾à®²à®šà¯à®¨à¯à®¤à®°à®®à¯, à®‡à®³à¯ˆà®¯à®¤à®®à¯à®ªà®¿.|Palacuntaram, Ilaiyatampi.",Tamil,Critical interpretation of folk songs of Sri Lanka; includes some songs. ,"Dive into the vibrant folk music of Sri Lanka's Eastern Province with this captivating analysis and song collection. 
"
48279287-ff92-4625-91b7-c0b871dd6782,à®šà®®à¯‚à®•à®µà®¿à®¯à®²à¯ à®•à®Ÿà¯à®Ÿà¯à®°à¯ˆà®•à®³à¯ = Essays in sociology / à®…. à®±à¯Šà®ªà®¿à®©à¯à®šà®©à¯. CamuÌ„kaviyal katÌ£tÌ£uraikalÌ£ = Essays in sociology / A. RopinÌ²canÌ². ,"à®±à¯Šà®ªà®¿à®©à¯à®šà®©à¯, à®…. (à®…à®¨à¯à®¤à¯‹à®©à®¿à®®à¯à®¤à¯à®¤à¯)|RÌ²opinÌ²canÌ², A. (AntoÌ„nÌ²imuttu)",Tamil,,"Dive into thought-provoking Tamil essays on society by A. Robinson in ""Essays in Sociology."" 
"
59cdbabc-3a8f-4aec-85fb-742d779a2d0b,"à®šà¯à®µà¯ˆà®¯à®¾à®© à®šà®¿à®•à¯à®•à®©à¯, à®®à®Ÿà¯à®Ÿà®©à¯ à®šà®®à¯ˆà®¯à®²à¯ / à®†à®•à¯à®•à®¿à®¯à¯‹à®°à¯, à®®à®£à®¿à®®à¯‡à®•à®²à¯ˆà®ªà¯ à®ªà®¿à®°à®šà¯à®° à®†à®šà®¿à®°à®¿à®¯à®°à¯ à®•à¯à®´à¯ ; à®ªà®¤à®¿à®ªà¯à®ªà®¾à®šà®¿à®°à®¿à®¯à®°à¯, à®²à¯‡à®©à®¾ à®¤à®®à®¿à®´à¯à®µà®¾à®£à®©à¯. CuvaiyaÌ„nÌ²a cikkanÌ², matÌ£tÌ£anÌ², camaiyal / aÌ„kkiyoÌ„r, ManÌ£imeÌ„kalaip Piracura AÌ„ciriyar KulÌ²u ; patippaÌ„ciriyar, LeÌ„nÌ²aÌ„ TamilÌ²vaÌ„nÌ£anÌ². ",,Tamil,,"Craving delicious chicken & mutton dishes? This cookbook has your next feast covered! ğŸ—ğŸ– 
"
49549b64-b3c8-436a-be02-74351d5ba85f,"à®‡à®°à®¾à®®à®¾à®¯à®£à®®à¯ [videorecording] / à®¤à®¯à®¾à®°à®¿à®ªà¯à®ªà¯ & à®‡à®¯à®•à¯à®•à®®à¯, à®°à®¾à®®à®¾à®©à®¨à¯à®¤à¯ à®šà®¾à®•à®°à¯. IraÌ„maÌ„yanÌ£am [videorecording] / tayaÌ„rippu & iyakkam, RaÌ„maÌ„nÌ²ant CaÌ„kar. ",,Tamil,,"Relive the epic tale of Ramayana, brought to life by Ramanand Sagar in this captivating Tamil rendition. 
"
3821598d-3585-4656-b784-1a275f09daad,à®ªà®¿à®°à®®à¯à®®à®¾à®£à¯à®Ÿà®®à®¾à®© à®µà®¿à®£à¯à®µà¯†à®³à®¿. PirammaÌ„nÌ£tÌ£amaÌ„nÌ²a vinÌ£velÌ£i. ,,Tamil,,"Dive into the wonders of ""PirammaÌ„nÌ£tÌ£amaÌ„nÌ²a vinÌ£velÌ£i"" and explore the vastness of space! 
"
284c87c9-f870-4539-b957-25bde272c621,à®ªà®¿à®©à¯à®ªà®±à¯à®±à®ªà¯à®ªà®Ÿ à®µà¯‡à®£à¯à®Ÿà®¿à®¯ à®šà¯ˆà®µ à®šà®®à®¯à®¤à®¤à¯à®¤à¯à®µà®™à¯à®•à®³à¯ / à®¤à®©à®ªà®¾à®•à¯à®•à®¿à®¯à®®à¯ à®•à¯à®£à®ªà®¾à®²à®šà®¿à®™à¯à®•à®®à¯. PinÌ²parÌ²rÌ²appatÌ£a veÌ„nÌ£tÌ£iya caiva camayatattuvanÌ‡kalÌ£ / TanÌ²apaÌ„kkiyam KunÌ£apaÌ„lacinÌ‡kam. ,à®¤à®©à®ªà®¾à®•à¯à®•à®¿à®¯à®®à¯ à®•à¯à®£à®ªà®¾à®²à®šà®¿à®™à¯à®•à®®à¯.|TanÌ²apaÌ„kkiyam KunÌ£apaÌ„lacinÌ‡kam.,Tamil,,"Explore the core principles of Shaivism with 'Pinparrappata Ventiya Caiva Camayatattuvankal' - a must-read for understanding this ancient faith. 
"
1c7ab678-fb7b-4362-a971-a1f228ef60ca,à®®à®©à®šà¯ : 2003-à®†à®®à¯ à®†à®£à¯à®Ÿà®¿à®©à¯ à®šà®¿à®±à®¨à¯à®¤ à®šà®¿à®±à¯à®•à®¤à¯ˆà®•à®³à¯. ManÌ²acu : 2003-aÌ„m aÌ„nÌ£tÌ£inÌ² cirÌ²anta cirÌ²ukataikalÌ£. ,,Tamil,,"Dive into the best Tamil short stories of 2003 with ""Manasu""! 
"
b15a8c84-6901-4b26-9339-615cf09be027,à®œà¯€à®©à¯‹à®®à¯! / à®šà¯à®œà®¾à®¤à®¾. JiÌ„nÌ²oÌ„m! / CujaÌ„taÌ„. ,"à®šà¯à®œà®¾à®¤à®¾, 1935-2008.|CujaÌ„taÌ„, 1935-2008.",Tamil,,"Unravel the mysteries of the human code with Sujatha's 'Genome!' - a thrilling dive into science and suspense. 
"
a160edcd-e98f-43ba-93b4-04724b7779bd,"à®®à¯à®³à¯à®³à®®à¯à®ªà®©à¯à®±à®¿à®¯à¯à®®à¯ à®ªà®¾à®®à¯à®ªà¯à®•à®³à¯à®®à¯ = The porcupine and the snakes / chief editor, English, Dr. Radha Krishna Pillai ; chief editor, Tamil, Dr. K. Ramasamy. MulÌ£lÌ£ampanÌ²rÌ²iyum paÌ„mpukalÌ£um = The porcupine and the snakes / chief editor, English, Dr. Radha Krishna Pillai ; chief editor, Tamil, Dr. K. Ramasamy. ",,Tamil|English,,"Dive into a world of Tamil-English storytelling with ""The Porcupine and the Snakes"" - a captivating tale edited by literary masters. 
"
f557f5ad-a307-41b4-acfe-ec2337a23adb,à®®à®•à®¾à®©à¯à®•à®³à¯ à®…à®°à¯à®³à®¿à®¯ à®®à®¾à®£à®¿à®•à¯à®•à®•à¯ à®•à®¤à¯ˆà®•à®³à¯ / à®ªà®Ÿà¯à®Ÿà®¤à¯à®¤à®¿à®®à¯ˆà®¨à¯à®¤à®©à¯. MakaÌ„nÌ²kalÌ£ arulÌ£iya maÌ„nÌ£ikkak kataikalÌ£ / PatÌ£tÌ£attimaintanÌ². ,à®ªà®Ÿà¯à®Ÿà®¤à¯à®¤à®¿à®®à¯ˆà®¨à¯à®¤à®©à¯.|PatÌ£tÌ£attimaintanÌ².,Tamil,,"Unlock ancient wisdom and captivating tales with ""MakaÌ„nÌ²kalÌ£ arulÌ£iya maÌ„nÌ£ikkak kataikalÌ£"" - stories of enlightenment await! 
"
a5ad406a-278f-4e0a-8aca-592ad504f34e,à®¤à®®à®¿à®´à®•à®•à¯ à®•à¯‹à®µà®¿à®²à¯à®•à®³à¯à®®à¯ à®µà®´à®¿à®ªà®¾à®Ÿà¯à®Ÿà¯ à®®à¯à®±à¯ˆà®•à®³à¯à®®à¯ / à®¤à®®à®¿à®´à¯à®•à®¾à®¨à¯à®¤à®©à¯. TamilÌ²akak koÌ„vilkalÌ£um valÌ²ipaÌ„tÌ£tÌ£u murÌ²aikalÌ£um / TamilÌ²kaÌ„ntanÌ². ,à®¤à®®à®¿à®´à¯à®•à®¾à®¨à¯à®¤à®©à¯.|TamilÌ²kaÌ„ntanÌ².,Tamil,,"Discover the captivating world of Tamil Nadu's temples and rituals with ""TamilÌ²akak koÌ„vilkalÌ£um valÌ²ipaÌ„tÌ£tÌ£u murÌ²aikalÌ£um."" 
"
8362aaf5-3ed0-4d10-b0ed-1489e1ebbacd,"à®•à®¾à®¨à¯à®¤à®¿à®œà®¿à®¯à®¿à®©à¯ à®•à®Ÿà®¿à®¤à®™à¯à®•à®³à¯ / à®®à®•à®¾à®¤à¯à®®à®¾ à®•à®¾à®¨à¯à®¤à®¿ ; à®†à®šà®¿à®°à®¿à®¯à®°à¯, à®œà¯†à®¯à®®à®£à®¿ à®šà¯à®ªà¯à®ªà®¿à®°à®®à®£à®¿à®¯à®®à¯ ; à®¤à®®à®¿à®´à®¾à®•à¯à®•à®®à¯, à®•à®¾. à®¤à®¿à®°à®µà®¿à®¯à®®à¯. KaÌ„ntijiyinÌ² katÌ£itanÌ‡kalÌ£ / MakaÌ„tmaÌ„ KaÌ„nti ; aÌ„ciriyar, JeyamanÌ£i CuppiramanÌ£iyam ; TamilÌ²aÌ„kkam, KaÌ„. Tiraviyam. ","à®•à®¾à®¨à¯à®¤à®¿, à®®à®•à®¾à®¤à¯à®®à®¾, 1869-1948.|Gandhi, Mahatma, 1869-1948.",Tamil,"MiÌ„raÌ„penÌ², RaÌ„jkumaÌ„ri Amirut Kaur, ManÌ£ipenÌ² PatÌ£tÌ£eÌ„l, Estar 'peÌ„rinÌ‡ aÌ„kiya cakoÌ„tarikalÌ£ukkuk kurÌ²ippaÌ„ka avaravar contap piraccanÌ²aikalÌ£aiyum, potuvaÌ„ka araciyal piraccanÌ²aikalÌ£aiyumotÌ£tÌ£i MakaÌ„tmaÌ„ KaÌ„nti elÌ²utiya carÌ²rÌ²eÌ„rÌ²ak kurÌ²aiya aÌ„yiram katÌ£itanÌ‡kalÌ£ atÌ£anÌ‡kiyulÌ£lÌ£atu innuÌ„l. |à®®à¯€à®°à®¾à®ªà¯†à®©à¯, à®°à®¾à®œà¯à®•à¯à®®à®¾à®°à®¿ à®…à®®à®¿à®°à¯à®¤à¯ à®•à¯Œà®°à¯, à®®à®£à®¿à®ªà¯†à®©à¯ à®ªà®Ÿà¯à®Ÿà¯‡à®²à¯, à®à®¸à¯à®¤à®°à¯ à®ƒà®ªà¯‡à®°à®¿à®™à¯ à®†à®•à®¿à®¯ à®šà®•à¯‹à®¤à®°à®¿à®•à®³à¯à®•à¯à®•à¯à®•à¯ à®•à¯à®±à®¿à®ªà¯à®ªà®¾à®• à®…à®µà®°à®µà®°à¯ à®šà¯Šà®¨à¯à®¤à®ªà¯ à®ªà®¿à®°à®šà¯à®šà®©à¯ˆà®•à®³à¯ˆà®¯à¯à®®à¯, à®ªà¯Šà®¤à¯à®µà®¾à®• à®…à®°à®šà®¿à®¯à®²à¯ à®ªà®¿à®°à®šà¯à®šà®©à¯ˆà®•à®³à¯ˆà®¯à¯à®®à¯Šà®Ÿà¯à®Ÿà®¿ à®®à®•à®¾à®¤à¯à®®à®¾ à®•à®¾à®¨à¯à®¤à®¿ à®à®´à¯à®¤à®¿à®¯ à®šà®±à¯à®±à¯‡à®±à®•à¯ à®•à¯à®±à¯ˆà®¯ à®†à®¯à®¿à®°à®®à¯ à®•à®Ÿà®¿à®¤à®™à¯à®•à®³à¯ à®…à®Ÿà®™à¯à®•à®¿à®¯à¯à®³à¯à®³à®¤à¯ à®‡à®¨à¯à®¨à¯‚à®²à¯. ","Dive into the personal and political world of Mahatma Gandhi through a collection of letters written to his closest confidantes. 
"
a0dedf0e-8f24-4937-901b-6aea06a89d6e,à®ªà¯‡à®°à®¾à®šà®¿à®°à®¿à®¯à®°à¯ à®šà¯à®¨à¯à®¤à®°à®®à¯à®ªà®¿à®³à¯à®³à¯ˆà®¯à®¿à®©à¯ à®®à®©à¯‹à®©à¯à®®à®£à®¿à®¯à®®à¯ : à®µà®¿à®©à®¾-à®µà®¿à®Ÿà¯ˆ à®¨à¯‹à®•à¯à®•à®¿à®²à¯ / à®°à®¾. à®šà¯€à®©à®¿à®µà®¾à®šà®©à¯. PeÌ„raÌ„ciriyar CuntarampilÌ£lÌ£aiyinÌ² manÌ²oÌ„nÌ²manÌ£iyam : vinÌ²aÌ„-vitÌ£ai noÌ„kkil / RaÌ„. CiÌ„nÌ²ivaÌ„canÌ². ,"à®šà¯€à®©à®¿à®µà®¾à®šà®©à¯, à®°à®¾., 1923-|CiÌ„nÌ²ivaÌ„can, RaÌ„., 1923-",Tamil,,"Unravel the magic of Professor Sundarampillai's Manonmaniyam through insightful Q&A. 
"
32d69ee4-62f5-4ce6-acc6-6d57ddbe36c7,"à®…à®©à¯ˆà®¤à¯à®¤à¯à®²à®•à®¤à¯ à®¤à®®à®¿à®´à¯ à®“à®²à¯ˆà®šà¯à®šà¯à®µà®Ÿà®¿à®•à®³à¯ à®…à®Ÿà¯à®Ÿà®µà®£à¯ˆ / à®¤à¯Šà®•à¯à®ªà¯à®ªà®¾à®šà®¿à®°à®¿à®¯à®°à¯à®•à®³à¯: à®•à®¾.à®šà¯†. à®šà¯†à®²à¯à®²à®®à¯à®¤à¯à®¤à¯, à®ª.à®µà¯†. à®¨à®¾à®•à®°à®¾à®šà®©à¯, à®¤. à®ªà®¤à¯à®®à®¨à®¾à®ªà®©à¯. AnÌ²aittulakat TamilÌ² oÌ„laiccuvatÌ£ikalÌ£ atÌ£tÌ£avanÌ£ai / tokuppaÌ„ciriyarkalÌ£: KaÌ„.Ce. Cellamuttu, Pa.Ve. NaÌ„karaÌ„canÌ², Ta. PatmanaÌ„panÌ². ",,Tamil,,"Uncovering Tamil's ancient secrets? Dive into a global catalog of palm-leaf manuscripts! 
"
b3ecade3-aef3-4ebb-b6d2-8821fa764b46,à®•à®µà®°à®¿à®®à®¾à®©à¯ : à®µà®°à®²à®¾à®±à¯à®±à¯ à®¨à®¾à®Ÿà®•à®®à¯  / à®†. à®•à®¨à¯à®¤à®šà®¾à®®à®¿. KavarimaÌ„nÌ² : varalaÌ„rÌ²rÌ²u naÌ„tÌ£akam / AÌ„. KantacaÌ„mi. ,"à®•à®¨à¯à®¤à®šà®¾à®®à®¿, à®†., 1940-|KantacaÌ„mi, AÌ„., 1940-",Tamil,,"Dive into Tamil history with ""Kavarimaan""! This historical drama by A. Kantacami promises intrigue and adventure. 
"
6deef4ee-f83b-4700-99ea-8556de1f62c7,"à®‡à®²à®•à¯à®•à®¿à®¯ à®µà®¾à®´à¯à®µà®¿à®¯à®²à¯ à®¨à¯†à®±à®¿ : à®†à®¯à¯à®µà¯à®•à¯ à®•à®Ÿà¯à®Ÿà¯à®°à¯ˆà®•à®³à¯ / à®¤à¯†à®¾à®•à¯à®ªà¯à®ªà®¾à®šà®¿à®°à®¿à®¯à®°à¯, à®šà¯‡à®¾. à®•à¯à®°à¯à®šà®¾à®®à®¿. Ilakkiya vaÌ„lÌ²viyal nerÌ²i : aÌ„yvuk katÌ£tÌ£uraikalÌ£ / ToÌ„kuppaÌ„ciriyar, CoÌ„. KurucaÌ„mi. ",,Tamil,,"**Explore the essence of life through literature! Dive into insightful essays in ""Ilakkiya Vaalviyal Neri"".** 
"
1f08cc61-7c7d-4762-abe4-f2ed38435ffb,à®‰à®²à®•à®ªà¯ à®ªà¯à®•à®´à¯ à®ªà¯†à®±à¯à®± à®šà¯Šà®±à¯à®ªà¯Šà®´à®¿à®µà¯à®•à®³à¯ 100 / à®à®©à¯. à®¸à¯à®°à¯€à®¨à®¿à®µà®¾à®¸à®©à¯. Ulakap pukalÌ² perÌ²rÌ²a corÌ²polÌ²ivukalÌ£ 100 / EnÌ². SriÌ„nivaÌ„sanÌ². ,"à®¸à¯à®°à¯€à®¨à®¿à®µà®¾à®¸à®©à¯, à®à®©à¯., 1938-|SriÌ„nivaÌ„sanÌ², EnÌ²., 1938-",Tamil,,"Dive into ""100 Famous Speeches"" and explore powerful words that shaped history, delivered by captivating voices. 
"
42145c62-91a4-43d8-8883-ea92b2629211,à®•à®¾à®® à®šà¯‚à®¤à¯à®¤à®¿à®°à®®à¯ / à®µà®¾à®¤à¯à®¸à¯à®¯à®¾à®¯à®©à®¾à®°à¯. KaÌ„ma cuÌ„ttiram / VaÌ„tsyaÌ„yanÌ²aÌ„r. ,à®µà®¾à®¤à¯à®¸à¯à®¯à®¾à®¯à®©à®¾à®°à¯.|VaÌ„tsyaÌ„yanÌ²aÌ„r.,Tamil,,"Discover the ancient wisdom of love and relationships with Vatsyayana's Kama Sutra, now in Tamil. 
"
86a14088-5399-4a10-80eb-55f32b0ddf9f,à®®à¯‡à®³à®•à®°à¯à®¤ à®•à®°à¯à®£à®®à®¾à®²à®¿à®•à®¾ / à®…à®šà¯‹à®•à¯. à®†à®°à¯. à®®à®¾à®¤à®µà¯. MeÌ„lÌ£akarta karnÌ£amaÌ„likaÌ„ / AcoÌ„k. AÌ„r. MaÌ„tav. ,"à®®à®¾à®¤à®µà¯ à®…à®šà¯‹à®•à¯. à®†à®°à¯.|MaÌ„tav, AcoÌ„k. AÌ„r.",Tamil,,"Dive into the melodic world of Carnatic music with ""Melakarta Karnamalika"" by Ashok R. Madhav. 
"
7d404ece-50cf-486f-b260-cb0d157d7bde,à®²à¯†à®©à®¿à®©à¯  [videorecording] : à®à®¤à®¿à®°à¯à®•à®¾à®²à®¤à¯à®¤à®¿à®±à¯à®•à®¾à®© à®µà®°à®²à®¾à®±à¯ = Lenin : history for the future. LenÌ²inÌ²  [videorecording] : etirkaÌ„lattirÌ²kaÌ„nÌ²a varalaÌ„rÌ²u = Lenin : history for the future. ,,Tamil,,"Dive into the legacy of Lenin and explore how his impact continues to shape our future.  
"
e84390f5-976a-48e6-89dd-cc8dd10f5859,à®•à¯€à®¤à®®à®¾à®²à®¾. 2 / à®…à®®à¯à®ªà¯à®œà®®à¯ à®•à®¿à®°à¯à®·à¯à®£à®¾. KiÌ„tamaÌ„laÌ„. 2 / Ampujam KirusÌ£nÌ£aÌ„. ,à®…à®®à¯à®ªà¯à®œà®®à¯ à®•à®¿à®°à¯à®·à¯à®£à®¾.|Ampujam KirusÌ£nÌ£aÌ„.,Tamil,,"Dive into the musical world of Tamil poetry with ""Geethamala 2"" by Ampujam Krishna. 
"
75c6c31e-e7c5-481b-b7a8-9e68f246a50c,à®šà®µà®¿à®Ÿà¯à®Ÿà¯ à®¨à®¾à®Ÿà®•à®®à¯ : à®†à®¯à¯à®µà¯à®®à¯ à®ªà®¤à®¿à®ªà¯à®ªà¯à®®à¯ / à®ª. à®šà¯†à®²à¯à®µà®°à®¾à®œà¯. CavitÌ£tÌ£u naÌ„tÌ£akam : aÌ„yvum patippum / Pa. CelvaraÌ„j. ,"à®šà¯†à®²à¯à®µà®°à®¾à®œà¯, à®ª.|CelvaraÌ„j, Pa.",Tamil|English,,"Uncover the secrets of ""Cavittu Natakam"" in this insightful study and edition by Pa. Celvaraj. 
"
280ea640-c870-49d6-bd78-21d9382aa6dd,à®‡à®°à®£à¯à®Ÿà®¾à®µà®¤à¯ à®®à¯à®•à®®à¯ / à®¨à¯€à®² à®ªà®¤à¯à®®à®¨à®¾à®ªà®©à¯. IranÌ£tÌ£aÌ„vatu mukam / NiÌ„la PatmanaÌ„panÌ². ,"à®ªà®¤à¯à®®à®¨à®¾à®ªà®©à¯, à®¨à¯€à®², 1938-|PatmanaÌ„panÌ², NiÌ„la, 1938-",Tamil,,"Journey into the depths of human emotion with ""Irantavatu Mukam"" by Nila Patmanaban, a captivating Tamil novel exploring hidden identities and the power of the past. 
"
14acdf9a-f59f-4686-a0b5-f5e66d73864b,à®¤à®®à®¿à®´à®¿à®²à¯ à®¤à®²à®¿à®¤à¯ à®¨à®¾à®µà®²à¯à®•à®³à¯ / à®µà¯‡. à®®à¯à®¤à¯à®¤à®©à¯. TamilÌ²il talit naÌ„valkalÌ£ / VeÌ„. MuttanÌ². ,"à®®à¯à®¤à¯à®¤à®©à¯, à®µà¯‡.|MuttanÌ², VeÌ„.",Tamil,,"Dive into the world of Tamil Dalit literature with ""TamilÌ²il talit naÌ„valkalÌ£,"" a captivating exploration by VeÌ„. MuttanÌ². 
"
332aa755-5b79-4926-a770-699a064cc389,"à®µà®°à¯à®®à®¾à®© à®µà®°à®¿à®šà¯ à®šà®Ÿà¯à®Ÿà®®à¯ / [à®à®³à®¿à®¯ à®¤à®®à®¿à®´à®¿à®²à¯], à®à®©à¯.à®¸à®¿. à®…à®©à®¨à¯à®¤à®¾à®šà¯à®šà®¾à®°à®¿. VarumaÌ„nÌ²a varic catÌ£tÌ£am / [elÌ£iya TamilÌ²il], EenÌ².Si. AnÌ²antaÌ„ccaÌ„ri. ",India.,Tamil,,"Income tax got you confused? Get clear and concise answers in plain Tamil! 
"
f3e1afc9-5b19-4124-8da8-c52210f4550d,à®®à®£à¯à®£à®¿à®©à¯ à®•à®£à¯à®•à®³à¯ / à®‡à®°à®¾. à®µà®Ÿà®¿à®µà¯‡à®²à®©à¯. ManÌ£nÌ£inÌ² kanÌ£kalÌ£ / IraÌ„. VatÌ£iveÌ„lanÌ². ,"à®µà®Ÿà®¿à®µà¯‡à®²à®©à¯, à®‡à®°à®¾., 1936-|VatÌ£iveÌ„lanÌ², IraÌ„., 1936-",Tamil,,"Journey through life's complexities with ""Mannin Kangal"" - a captivating Tamil novel exploring human emotions and experiences. 
"
84c371d8-4dfb-4d73-806c-c0edb2e4faf8,"à®‡à®°à®¾à®®à¯‡à®¸à¯à®µà®°à®®à¯ à®•à®¾à®šà®¿ à®¨à®Ÿà¯ˆà®ªà¯ à®ªà®¯à®£à®®à¯ / ""à®ªà¯Šà®±à¯à®•à®¿à®´à®¿à®•à¯ à®•à®µà®¿à®à®°à¯"" ""à®•à®¾à®šà®¿à®¸à¯à®°à¯€"" à®…à®°à¯. à®šà¯‹à®®à®šà¯à®¨à¯à®¤à®°à®©à¯. IraÌ„meÌ„svaram kaÌ„ci natÌ£aip payanÌ£am / ""porÌ²kilÌ²ik kavinÌƒar"" ""kaÌ„cisriÌ„"" Aru. CoÌ„macuntaranÌ². ","à®šà¯‹à®®à®šà¯à®¨à¯à®¤à®°à®©à¯, à®…à®°à¯.|CoÌ„macuntaranÌ², Aru.",Tamil,,"**Embark on a spiritual journey from Rameswaram to Kashi with this captivating travelogue.** 
"
3252e7fb-be94-404f-be0e-1f5654de1487,"à®šà®•à¯à®¤à®¿ à®•à®³à®à¯à®šà®¿à®¯à®®à¯ / à®¤à¯Šà®•à¯à®ªà¯à®ªà®¾à®šà®¿à®°à®¿à®¯à®°à¯à®•à®²à®³à¯, à®µ. à®µà®¿à®œà®¯à®ªà®¾à®¸à¯à®•à®°à®©à¯, à®µà¯ˆ. à®•à¯‹. à®…à®´à®•à®ªà¯à®ªà®©à¯. Cakti kalÌ£anÌƒciyam / tokuppaÌ„ciriyarkalalÌ£, Va. VijayapaÌ„skaranÌ², Vai. KoÌ„. AlÌ²akappanÌ². ",,Tamil,,"Unlock the power within! Dive into ""à®šà®•à¯à®¤à®¿ à®•à®³à®à¯à®šà®¿à®¯à®®à¯"" and discover your potential. 
"
a3732604-7206-4b06-a2ab-929214449c98,à®à®®à¯. à®œà®¿. à®šà¯à®°à¯‡à®·à¯ à®¨à®¾à®µà®²à¯à®•à®³à®¿à®²à¯ à®ªà®¿à®©à¯à®¨à®µà¯€à®©à®¤à¯à®¤à¯à®µà®ªà¯ à®ªà®¾à®°à¯à®µà¯ˆ / à®®à¯. à®šà®°à¯à®®à®¿à®³à®¾à®¤à¯‡à®µà®¿. Em. Ji. CureÌ„sÌ£ naÌ„valkalÌ£il pinÌ²naviÌ„nÌ²attuvap paÌ„rvai / Mu. CarmilÌ£aÌ„teÌ„vi. ,"à®šà®°à¯à®®à®¿à®³à®¾à®¤à¯‡à®µà®¿, à®®à¯.|CarmilÌ£aÌ„teÌ„vi, Mu.",Tamil,,"Dive into the postmodern world of M.G. Suresh's novels with this insightful analysis by Mu. Carmilatevi! 
"
07112400-5215-4145-8974-765d8e9b10cd,"à®¤à®®à®¿à®´à¯ à®¨à®¾à®Ÿà®•à®®à¯ : à®¨à¯‡à®±à¯à®±à¯à®®à¯ à®‡à®©à¯à®±à¯à®®à¯ / à®ªà®¤à®¿à®ªà¯à®ªà®¾à®šà®¿à®°à®¿à®¯à®°à¯, à®•à¯. à®ªà®•à®µà®¤à®¿. TamilÌ² naÌ„tÌ£akam : neÌ„rÌ²rÌ²um inÌ²rÌ²um / patippaÌ„ciriyar, Ku. Pakavati. ",,Tamil,,"Journey through the captivating evolution of Tamil theatre, from past to present, with ""Tamil Natakam: Netrum Indrum"". 
"
335ec1d1-3f11-4d35-a2bf-42b052395303,à®ªà®¾à®²à¯à®µà®¿à®¤à®¿ / à®…à®ªà¯à®¤à¯à®²à¯ à®°à®•à¯à®®à®¾à®©à¯. PaÌ„lviÌ„ti / Aptul RakumaÌ„nÌ². ,"à®…à®ªà¯à®¤à¯à®²à¯ à®°à®•à¯à®®à®¾à®©à¯, 1937-|Aptul RakumaÌ„nÌ², 1937-",Tamil,,"Journey through the cosmos with ""Paalvithi,"" a Tamil novel by Abdul Rahman, and explore the mysteries of the Milky Way. 
"
8091eaa4-1227-4155-a666-8ddd6940b266,à®¨à¯€à®¯à¯à®®à¯ à®à®©à¯ à®šà®¾à®¤à®¿à®•à¯à®•à®•à¯ à®•à¯‚à®Ÿà®¾à®¤à¯? : à®šà®¾à®¤à®©à¯ˆà®•à¯à®•à¯ à®†à®•à¯à®•à®ªà¯‚à®°à¯à®µà®®à®¾à®© à®µà®´à®¿ / à®œà®¾à®©à¯ à®Ÿà®¿. à®®à®°à¯à®ªà®¿ ; à®¤à®®à®¿à®´à®¾à®•à¯à®•à®®à¯: à®à®©à¯. à®°à®®à®£à®¿. NiÌ„yum eÌ„nÌ² caÌ„tikkak kuÌ„tÌ£aÌ„tu? : caÌ„tanÌ²aikku aÌ„kkapuÌ„rvamaÌ„nÌ²a valÌ²i / JaÌ„nÌ² TÌ£i. Marpi ; TamilÌ²aÌ„kkam: EnÌ². RamanÌ£i. ,"à®®à®°à¯à®ªà®¿, à®œà®¾à®©à¯ à®Ÿà®¿.|Murphy, John D.",Tamil,,"à®‰à®©à®•à¯à®•à¯à®³à¯à®³à¯à®®à¯ à®’à®°à¯ à®šà®¾à®¤à®¿à®•à¯à®•à®¿à®± à®†à®³à¯ à®‡à®°à¯à®•à¯à®•à®¾à®°à¯à®©à¯à®©à¯ à®‰à®©à®•à¯à®•à¯à®¤à¯ à®¤à¯†à®°à®¿à®¯à¯à®®à®¾? à®‡à®¨à¯à®¤à®ªà¯ à®ªà¯à®¤à¯à®¤à®•à®®à¯ à®•à®£à¯à®Ÿà¯à®ªà®¿à®Ÿà®¿à®•à¯à®• à®‰à®¤à®µà¯à®®à¯! 
"
3cac143c-c314-41e1-ad40-1111bf4531c4,à®µà®°à¯à®® à®’à®Ÿà®¿à®®à¯à®±à®¿à®µà¯ à®šà®° à®šà¯‚à®¤à¯à®¤à®¿à®°à®®à¯ - 1500 : à®®à®°à¯à®¤à¯à®¤à¯à®µà®šà¯ à®šà¯à®µà®Ÿà®¿à®ªà¯ à®ªà®¤à®¿à®ªà¯à®ªà¯ à®¨à¯‚à®²à¯ / à®®à¯à®©à¯ˆà®µà®°à¯ à®¤à¯‡. à®•. à®œà¯‡à®®à¯à®¸à¯. Varma otÌ£imurÌ²ivu cara cuÌ„ttiram - 1500 : maruttuvac cuvatÌ£ip patippu nuÌ„l / MunÌ²aivar TeÌ„. Ka. JeÌ„ms. ,"à®œà¯‡à®®à¯à®¸à¯, à®¤à¯‡. à®•.|JeÌ„ms, TeÌ„. Ka.",Tamil,,"Unlock the ancient secrets of Tamil martial medicine with ""Varma Otimurivu Cara Cutiram"" - a fascinating 16th-century text! 
"
3cd87b58-fa3f-4421-9919-adc63e61e8da,à®®à¯Šà®•à®²à®¾à®¯à®°à¯ à®µà®°à®²à®¾à®±à¯ = History of the Moghals / à®Ÿà®¾à®•à¯à®Ÿà®°à¯ A. à®šà¯à®µà®¾à®®à®¿à®¨à®¾à®¤à®©à¯. MokalaÌ„yar varalaÌ„rÌ²u = History of the Moghals / TÌ£aÌ„ktÌ£ar A. CuvaÌ„minaÌ„tanÌ². ,"à®šà¯à®µà®¾à®®à®¿à®¨à®¾à®¤à®©à¯, A.|CuvaÌ„minaÌ„tanÌ², A.",Tamil,,"Dive into the captivating world of the Mughal Empire with ""History of the Moghals"" by Dr. A. Swaminathan. 
"
a54210b9-1761-45e3-b00c-8f9a1d4c662c,à®ªà¯à®¤à¯à®šà¯à®šà¯‡à®°à®¿ à®®à®¾à®¨à®¿à®²à®•à¯ à®•à®²à¯à®µà¯†à®Ÿà¯à®Ÿà¯à®•à¯à®•à®³à¯ = Pondicherry inscriptions : part 1 / compiled by Bahour S. Kuppusamy ; edited by G. Vijayavenugopal. PutucceÌ„ri maÌ„nilak kalvetÌ£tÌ£ukkalÌ£ = Pondicherry inscriptions : part 1 / compiled by Bahour S. Kuppusamy ; edited by G. Vijayavenugopal. ,,Tamil|English|French,,"Uncover the mysteries of Pondicherry's past! Dive into ""Pondicherry Inscriptions"" and explore ancient Tamil, English, and French texts. 
"
186dfcc5-c999-4eb1-9edf-02372f791f05,"à®¤à®™à¯à®• à®µà®¿à®¤à®¿à®•à®³à¯ = Napoleon Hill's golden rules / à®¨à¯†à®ªà¯à®ªà¯‹à®²à®¿à®¯à®©à¯ à®¹à®¿à®²à¯ ; à®¤à®®à®¿à®´à®¿à®²à¯, à®‰à®¤à®¯à®•à¯à®®à®¾à®°à¯. TanÌ‡ka vitikalÌ£ = Napoleon Hill's golden rules / NeppoÌ„liyanÌ² Hil ; TamilÌ²il, UtayakumaÌ„r. ","Hill, Napoleon, 1883-1970.",Tamil|English,,"Unlock your potential with Napoleon Hill's timeless wisdom! Borrow ""Golden Rules"" and discover the secrets to success in English and Tamil. 
"
5d181d25-2718-40ae-b765-536c3f3d1d1d,à®µà®¿à®¤à®µà®¿à®¤à®®à®¾à®© à®Ÿà®¿à®ªà®©à¯ à®µà®•à¯ˆà®•à®³à¯ à®¤à®¯à®¾à®°à®¿à®ªà¯à®ªà®¤à¯ à®à®ªà¯à®ªà®Ÿà®¿? / à®†à®°à¯. à®®à¯€à®©à®¾à®Ÿà¯à®šà®¿ à®…à®®à¯à®®à®¾à®³à¯. VitavitamaÌ„nÌ²a tÌ£ipanÌ² vakaikalÌ£ tayaÌ„rippatu eppatÌ£i? / AÌ„r. MiÌ„nÌ²aÌ„tÌ£ci AmmaÌ„lÌ£. ,"à®®à¯€à®©à®¾à®Ÿà¯à®šà®¿ à®…à®®à¯à®®à®¾à®³à¯, à®†à®°à¯.|MiÌ„nÌ²aÌ„tÌ£ci AmmaÌ„lÌ£, AÌ„r.",Tamil,,"Craving delicious South Indian breakfast? Discover tasty recipes in ""à®µà®¿à®¤à®µà®¿à®¤à®®à®¾à®© à®Ÿà®¿à®ªà®©à¯ à®µà®•à¯ˆà®•à®³à¯ à®¤à®¯à®¾à®°à®¿à®ªà¯à®ªà®¤à¯ à®à®ªà¯à®ªà®Ÿà®¿?"" 
"
6fba1cab-eaf2-43d0-863b-fb53a7267674,à®à®©à¯ à®œà®©à¯à®©à®²à¯à®•à¯à®•à¯ à®µà¯†à®³à®¿à®¯à¯‡ --/ à®®à®¾à®²à®©à¯. EnÌ² janÌ²nÌ²alukku velÌ£iyeÌ„-- / MaÌ„lanÌ². ,"à®®à®¾à®²à®©à¯, 1950-|MaÌ„lanÌ², 1950-",Tamil,Articles chiefly on 21st century political issues in Tamil Nadu; includes articles on 20th century Tamil literature. ,"Explore 21st-century Tamil Nadu politics and dive into classic 20th-century literature â€“ all through the insightful lens of ""EnÌ² janÌ²nÌ²alukku velÌ£iyeÌ„."" 
"
9eca9ff0-8b05-49a9-bc03-2df5b1b7c500,à®¤à®®à®¿à®´à®©à¯à®ªà®©à¯ à®ªà®Ÿà¯ˆà®ªà¯à®ªà¯à®•à®³à¯ : à®¨à®Ÿà¯ˆà®¯à®¿à®¯à®²à¯ à®†à®¯à¯à®µà¯ / à®®à¯à®°à¯à®•à®©à¯. TamilÌ²anÌ²panÌ² patÌ£aippukalÌ£ : natÌ£aiyiyal aÌ„yvu / MurukanÌ². ,"à®®à¯à®°à¯à®•à®©à¯, 1975-|MurukanÌ², 1975-",Tamil,,"Dive into the fascinating world of Tamil literature! Explore the works of Murugan (b. 1975) in this insightful study. 
"
8b5aff4f-f355-44a4-b93b-e5a3bb1349e4,à®¤à®²à¯ˆà®µà®°à¯à®•à®³à®¿à®©à¯ à®¤à®²à¯ˆà®µà®°à¯ : à®œà®µà®¹à®°à¯à®²à®¾à®²à¯ à®¨à¯‡à®°à¯ / à®†à®°à¯.à®šà®¿. à®šà®®à¯à®ªà®¤à¯. TalaivarkalÌ£inÌ² talaivar : JavaharlaÌ„l NeÌ„ru / AÌ„r.Ci. Campat. ,"à®šà®®à¯à®ªà®¤à¯, à®†à®°à¯. à®šà®¿.|Campat, AÌ„r. Ci.",Tamil,,"Dive into the life & legacy of Jawaharlal Nehru, a leader among leaders, with R.C. Sampath's insightful biography. 
"
4f6232c3-e096-4798-b901-d8c3e92e2cbd,à®ˆà®´à®¤à¯à®¤à¯à®¤à¯ à®¤à®®à®¿à®´à¯ à®‰à®°à¯ˆà®®à®°à®ªà¯ [manuscript] : à®¤à®®à®¿à®´à¯ à®‡à®²à®•à¯à®•à®¿à®¯à®™à¯à®•à®³à¯à®•à¯à®•à¯ à®ˆà®´à®¤à¯à®¤à¯ à®…à®±à®¿à®à®°à¯à®•à®³à¯ à®à®´à¯à®¤à®¿à®¯ à®‰à®°à¯ˆà®•à®³à¯ à®ªà®±à¯à®±à®¿à®¯ à®¨à¯à®£à¯à®£à®¾à®¯à¯à®µà¯ / à®à®¸à¯. à®šà®¿à®µà®²à®¿à®™à¯à®•à®°à®¾à®œà®¾. IÌ„lÌ²attut TamilÌ² uraimarapu [manuscript] : TamilÌ² ilakkiyanÌ‡kalÌ£ukku IÌ„lÌ²attu arÌ²inÌƒarkalÌ£ elÌ²utiya uraikalÌ£ parÌ²rÌ²iya nunÌ£nÌ£aÌ„yvu / Es. CivalinÌ‡karaÌ„jaÌ„. ,"à®šà®¿à®µà®²à®¿à®™à¯à®•à®°à®¾à®œà®¾, à®à®¸à¯.|CivalinÌ‡karaÌ„jaÌ„, Es.",Tamil,,"Dive into the rich world of Tamil literature! Discover how Sri Lankan scholars have shaped its interpretation in this insightful analysis. 
"
689c80e2-737d-4397-9c41-645fc724d160,à®‰à®™à¯à®•à®³à¯à®•à¯à®•à¯à®³à¯ à®’à®°à¯ à®®à®°à¯à®¤à¯à®¤à¯à®µà®°à¯ = Holistic health psychology / à®ªà¯‡à®°à®¾à®šà®¿à®°à®¿à®¯à®°à¯ à®Ÿà®¾à®•à¯à®Ÿà®°à¯ à®°. à®•à®¾à®¤à®°à¯ à®‡à®ªà¯à®±à®¾à®¹à¯€à®®à¯. UnÌ‡kalÌ£ukkulÌ£ oru maruttuvar = Holistic health psychology / PeÌ„raÌ„ciriyar tÌ£aÌ„ktÌ£ar Ra. KaÌ„tar IpurÌ²aÌ„hiÌ„m. ,"à®•à®¾à®¤à®°à¯ à®‡à®ªà¯à®±à®¾à®¹à¯€à®®à¯, à®°.|KaÌ„tar IpurÌ²aÌ„hiÌ„m, Ra.",Tamil,,"Unlock your inner doctor with ""Holistic Health Psychology"" by Dr. R. Kadar Ibrahim.  
"
f86f4837-9e38-408d-864b-e0ca057ddfa8,à®ªà®ªà¯à®ªà®¾à®³à®¿ à®šà®¾à®Ÿà¯à®šà®¿ à®šà¯Šà®©à¯à®©à®¤à¯  / à®•à®©à®•à®¾ à®‡à®°à®¾à®®à®šà®¾à®®à®¿. PappaÌ„lÌ£i caÌ„tÌ£ci conÌ²nÌ²atu  / KanÌ²akaÌ„ IraÌ„macaÌ„mi. ,à®•à®©à®•à®¾ à®‡à®°à®¾à®®à®šà®¾à®®à®¿.|KanÌ²akaÌ„ IraÌ„macaÌ„mi.,Tamil,,"A papaya holds the key to the truth! Unravel the mystery in Kanaka Iramacami's ""à®ªà®ªà¯à®ªà®¾à®³à®¿ à®šà®¾à®Ÿà¯à®šà®¿ à®šà¯Šà®©à¯à®©à®¤à¯"". 
"
cb18a59c-d1d2-428b-b2df-e6441fcaf42a,Nalam kaÌ„kka vaÌ„nÌ‡ka vaÌ„lÌ²alaÌ„m. 2 / Ku. CivaraÌ„manÌ². ,"CivaraÌ„manÌ², Ku.",Tamil,,"Dive into the captivating world of ""Nalam Kaakka Vaanka Vaalalam"" by Ku. Civaraman - a Tamil literary gem you won't want to put down! 
"
f9a196e4-802c-480b-83ac-ab99577ee586,"à®¤à®à¯à®šà®¾à®µà¯‚à®°à¯ à®®à®¾à®µà®Ÿà¯à®Ÿà®¤à¯à®¤à®¿à®²à¯ à®ªà®¯à®©à¯à®ªà®Ÿà¯à®¤à¯à®¤à®ªà¯à®ªà®Ÿà¯à®®à¯ à®®à¯‚à®²à®¿à®•à¯ˆà®•à®³à¯. à®ªà®•à¯à®¤à®¿1 : à®“à®°à¯ à®†à®¯à¯à®µà¯ / à®¤à¯Šà®•à¯à®ªà¯à®ªà®¾à®šà®¿à®°à®¿à®¯à®°à¯à®•à®³à¯, à®œ. à®šà®¾à®¤à®¿à®•à¯, à®ªà¯Š. à®šà¯à®°à¯‡à®¨à¯à®¤à®¿à®°à®•à¯à®®à®¾à®°à¯. TanÌƒcaÌ„vuÌ„r maÌ„vatÌ£tÌ£attil payanÌ²patÌ£uttappatÌ£um muÌ„likaikalÌ£. Pakuti1 : oÌ„r aÌ„yvu / tokuppaÌ„ciriyarkalÌ£, Ja. CaÌ„tik, Po. CureÌ„ntirakumaÌ„r. ",,Tamil,,"Discover the healing power of nature! Explore traditional herbal remedies used in Thanjavur in this fascinating study. 
"
5ae21749-aa4e-4d18-9857-9a0b41253cc2,à®µà¯‡à®Ÿà®¿à®•à¯à®•à¯ˆ à®®à®©à®¿à®¤à®°à¯à®•à®³à¯ / à®µà¯†. à®‡à®±à¯ˆà®¯à®©à¯à®ªà¯. VeÌ„tÌ£ikkai manÌ²itarkalÌ£ / Ve. IrÌ²aiyanÌ²pu. ,"à®‡à®±à¯ˆà®¯à®©à¯à®ªà¯, à®µà¯†., 1963-|IrÌ²aiyanÌ²pu, Ve., 1963-",Tamil,,"Dive into the world of ""Vetikkai Manidhargal"" by Ve. Iraiyanpu and explore the fascinating lives of intriguing characters! 
"
65dec8c1-d812-4383-9902-cadb58fdc950,à®¤à¯Šà®²à¯à®•à®¾à®ªà¯à®ªà®¿à®¯à®šà¯ à®šà®£à¯à®®à¯à®• à®µà®¿à®°à¯à®¤à¯à®¤à®¿à®¯à®¿à®©à¯ à®®à¯à®¤à®²à®¾à®µà®¤à¯ à®ªà®•à¯à®¤à®¿à®¯à®¾à®•à®¿à®¯ à®ªà®¾à®¯à®¿à®° à®µà®¿à®°à¯à®¤à¯à®¤à®¿ / à®…à®°à®šà®à¯ à®šà®£à¯à®®à¯à®•à®©à®¾à®°à¯. TolkaÌ„ppiyac canÌ£muka viruttiyinÌ² mutalaÌ„vatu pakutiyaÌ„kiya paÌ„yira virutti / AracanÌƒ CanÌ£mukanÌ²aÌ„r. ,à®…à®°à®šà®à¯à®šà®£à¯à®®à¯à®•à®©à®¾à®°à¯. 1868-1915.|AracanÌƒcanÌ£mukanÌ²aÌ„r. 1868-1915.,Tamil,,"Dive into ancient Tamil grammar with ""Tolkappiyac Canmuka Viruttiyin Mutalavatu Pakutiyakiya Payira Virutti,"" a classic commentary by Aracancanmukanar. 
"
6080059e-9aac-4f62-ac5a-903667c4ec7d,à®…à®°à¯à®¤à¯à®¤à®®à¯à®³à¯à®³ à®¹à¯‹à®®à®™à¯à®•à®³à¯ / à®šà¯à®ªà¯à®°à®®à®£à®¿à®¯ à®šà®¾à®¸à¯à®¤à®¿à®°à®¿à®•à®³à¯. ArttamulÌ£lÌ£a hoÌ„manÌ‡kalÌ£ / CupramanÌ£iya CaÌ„stirikalÌ£. ,à®šà¯à®ªà¯à®°à®®à®£à®¿à®¯ à®šà®¾à®¸à¯à®¤à®¿à®°à®¿à®•à®³à¯.|CupramanÌ£iya CaÌ„stirikalÌ£.,Tamil,,"Unlock the secrets and meaning behind ancient rituals with ""Arttamulla Homangal."" 
"
4f7e787f-5530-44fa-a272-c5b325ab2d56,à®ªà¯à®¤à¯à®µà®¿à®¤à®®à®¾à®© à®šà®¾à®¤à®™à¯à®•à®³à¯à®®à¯ à®ªà¯Šà®°à¯à®¤à¯à®¤à®®à®¾à®© à®šà¯ˆà®Ÿà¯ à®Ÿà®¿à®·à¯à®•à®³à¯à®®à¯ / à®šà®šà®¿à®®à®¤à®©à¯. PutuvitamaÌ„nÌ²a caÌ„tanÌ‡kalÌ£um poruttamaÌ„nÌ²a caitÌ£u tÌ£isÌ£kalÌ£um / CacimatanÌ². ,à®šà®šà®¿ à®®à®¤à®©à¯.|Caci MatanÌ².,Tamil,,"Spice up your meals! Discover exciting new chutneys and perfect side dishes with ""Putuvitamana Chatangalum..."" by Sasi Madan. 
"
e7ec5aad-83d9-492f-8194-0dea125ac841,à®®à®²à¯ˆà®¯à®•à®¤à¯ à®¤à®®à®¿à®´à¯à®šà¯ à®šà®à¯à®šà®¿à®•à¯ˆà®•à®³à¯ / à®‡à®°à®¾. à®šà®°à¯à®®à®¿à®³à®¾à®¤à¯‡à®µà®¿. Malaiyakat tamilÌ²c canÌƒcikaikalÌ£ / IraÌ„. CarmilÌ£aÌ„teÌ„vi. ,"à®šà®°à¯à®®à®¿à®³à®¾à®¤à¯‡à®µà®¿, à®‡à®°à®¾.|CarmilÌ£aÌ„teÌ„vi, IraÌ„.",Tamil,Study on Tamil journals published in Upcountry Sri Lanka. ,"Dive into the world of Upcountry Sri Lankan Tamil literature! ğŸ“š 
"
2d1a199f-26bf-4ede-9a96-92356eef0ed7,à®¨à®¿à®²à®µà®¿à®²à®¿à®°à¯à®¨à¯à®¤à¯ à®µà®¨à¯à®¤à®µà®©à¯ / à®…à®ªà¯à®¤à¯à®²à¯ à®°à®•à¯à®®à®¾à®©à¯. Nilaviliruntu vantavanÌ² / Aptul RakumaÌ„nÌ². ,"à®…à®ªà¯à®¤à¯à®²à¯ à®°à®•à¯à®®à®¾à®©à¯, 1937-|Aptul RakumaÌ„nÌ², 1937-",Tamil,,"A man from the moon? Dive into Abdul Rahman's ""Nilaviliruntu vantavan"" to uncover the mystery. 
"
48e88451-1725-462e-9428-05e33ba839e0,à®šà¯à®°à®¾à®µà®¿à®©à¯ à®¤à¯‡à®šà®¤à¯ à®¤à®²à¯ˆà®µà®°à¯à®•à®³à¯ / à®‰. à®¨à®°à®šà®¿à®®à¯à®®à®©à¯. CuraÌ„vinÌ² teÌ„cat talaivarkalÌ£ / U. NaracimmanÌ². ,"à®¨à®°à®šà®¿à®®à¯à®®à®©à¯, à®‰.|NaracimmanÌ², U.",Tamil,,"Journey through Cura's history with ""Curavin Tecat Talaivarkal"" and meet the leaders who shaped its destiny! 
"
d0459369-ab0a-4a5d-a698-10322d47443b,à®‡à®²à®™à¯à®•à¯ˆ = Sri Lanka / à®…à®°à¯. à®šà¯‹à®®à®šà¯à®¨à¯à®¤à®°à®©à¯. IlanÌ‡kai = Sri Lanka / Aru. CoÌ„macuntaranÌ². ,"à®šà¯‹à®®à®šà¯à®¨à¯à®¤à®°à®©à¯, à®…à®°à¯.|CoÌ„macuntaranÌ², Aru.",Tamil,,"Discover the captivating story of Sri Lanka in Aru. Somasundaram's insightful book. 
"
a08392b6-ae5b-4ac1-8ac8-56eabe4bd7c4,"à®®à®£à®¿à®®à¯‡à®•à®²à¯ˆ : à®®à¯‚à®²à®®à¯à®®à¯ à®‰à®°à¯ˆà®¯à¯à®®à¯ / à®‰à®°à¯ˆà®¯à®¾à®šà®¿à®°à®¿à®¯à®°à¯, à®µ.à®¤. à®‡à®°à®¾à®®à®šà¯à®ªà¯à®ªà®¿à®°à®®à®£à®¿à®¯à®®à¯. ManÌ£imeÌ„kalai : muÌ„lamum uraiyum / uraiyaÌ„ciriyar, Va.Ta. IraÌ„macuppiramanÌ£iyam. ","à®‡à®°à®¾à®®à®šà¯à®ªà¯à®ªà®¿à®°à®®à®£à®¿à®¯à®®à¯, à®µ. à®¤.|IraÌ„macuppiramanÌ£iyam, Va. Ta.",Tamil,,"Dive into the world of ancient Tamil epics with this accessible edition of Manimekalai, complete with insightful commentary. 
"
4e42e719-9d7b-4bd6-af4c-03361464890e,"Xin tai : cheng gong de ren jiu shi he ni bu yi yang / [zuo zhe, An Kaili]. å¿ƒæ€ : æˆåŠŸçš„äººå°±æ˜¯å’Œä½ ä¸ä¸€æ · / [ä½œè€…, å®‰å‡¯è‰]. ","An, Kaili.|å®‰å‡¯è‰.",Chinese,,"Unlock the secrets to success: ""Xin tai"" reveals how different thinking can change your life. 
"
e2bf21b0-6753-4386-b256-486fe1e24b83,Shanghai zen mo dai a? / Mi Lan zhu ; Addy cha hua. ä¸Šæµ·æ€ä¹ˆå¾…å•Š? / ç±³å…°è‘— ; Addyæ’ç”». ,"Mi, Lan.|ç±³å…°.",Chinese,,"Craving adventure in the bustling heart of China? Discover how to navigate Shanghai's vibrant energy in ""Shanghai zen mo dai a?"". 
"
161c9388-c6bd-4536-9c32-a866782c1589,"Re nao de gang kou / zuo zhe, Nuobeite Geluhe ; hui tu, He'ermute Kelasi ; yi zhe, Hou Suqin. çƒ­é—¹çš„æ¸¯å£ / ä½œè€…, è¯ºè´ç‰¹â€¢æˆˆå¢èµ« ; ç»˜å›¾, èµ«å°”ç©†ç‰¹â€¢ç§‘æ‹‰æ–¯ ; è¯‘è€…, ä¾¯ç´ ç´. ","Golluch, Norbert.|æˆˆå¢èµ«, è¯ºè´ç‰¹.",Chinese,,"Dive into the bustling world of ""Re nao de gang kou"" and experience the vibrant energy of a Chinese port through captivating illustrations. 
"
cb0f0d95-9f07-476d-932a-b4fa8570a038,"Jing dian zhong xiao gu shi / [wen zi bian ji, Lin Shuping ... [et al.]]. ç»å…¸å¿ å­æ•…äº‹ / [æ–‡å­—ç¼–è¾‘, æ—ä¹¦å± ... [et al.]]. ",,Chinese,,"**Discover timeless tales of loyalty and filial piety in *Jing dian zhong xiao gu shi*, a captivating collection of classic Chinese stories.** 
"
1a91a4d5-1156-413e-ab81-7a14e68a3b23,shen jia hua yuan zhi mi / Wei bin hai zhu ; [dai xiao ming cha tu]. æ²ˆå®¶èŠ±å›­ä¹‹è¿· / é­æ»¨æµ·è‘— ; [æˆ´æ™“æ˜æ’å›¾]. ,"Wei, Bin Hai.|é­æ»¨æµ·.",Chinese,,"Unravel the mysteries of the Shen family garden in this captivating Chinese thriller. 
"
a0f6f855-fd95-4681-9f68-a6f723a43aef,Dong wu / [Hejia bian zhu]. åŠ¨ç‰© / [ç¦¾ç¨¼ç¼–è‘—]. ,Hejia.|ç¦¾ç¨¼.,Chinese,,"**Dive into the fascinating world of åŠ¨ç‰© and explore the wonders of the animal kingdom. By Hejia.** 
"
51fb50ce-8ba2-49a8-b767-9d5abe0057c2,He de du bai / Cheng jun shi xuan. æ²³çš„ç‹¬ç™½ / æˆå›è¯—é€‰. ,"Cheng, Jun, 1951-|æˆå›, 1951-",Chinese,,"Dive into the lyrical world of ""He de du bai,"" a captivating collection of Chinese poetry by Cheng Jun, exploring themes of life and reflection. 
"
521364d0-523f-4368-8fef-0eceb7951103,"Xi yang ren sheng yu xing : Yu lao nian peng you tan xing jian kang / Zhu bian, long ling. å¤•é˜³äººç”Ÿä¸æ€§ : ä¸è€å¹´æœ‹å‹è°ˆæ€§å¥åº· / ä¸»ç¼–, é¾™è±. ",,Chinese,,"**Curious about healthy aging and relationships? This book sparks conversations about senior life and well-being.** 
"
e06b0711-113e-49c6-98e7-86c13a7ffd42,Hou hei jiao zhu Du Yuesheng / Sima Lieren zhu. åšé»‘æ•™ä¸»æœæœˆç¬™ / å¸é©¬çƒˆäººè‘—. ,Sima Lieren.|å¸é©¬çƒˆäºº.,Chinese,,"Uncover the secrets of power and influence in 20th-century Shanghai with the captivating story of ""Du Yuesheng, Master of Strategy."" 
"
213bc947-d76b-465a-8e13-c135a28756af,"Tang guo wu / yuan zhu, Gelin xiong di ; yi xie, Yi Ran ; hui hua, Zhou Xue. ç³–æœå±‹ / åŸè‘—, æ ¼æ—å…„å¼Ÿ ; è¯‘å†™, æ¼ªç„¶ ; ç»˜ç”», å‘¨é›ª. ","Yi, Ran.|æ¼ªç„¶.",Chinese,,"**Rediscover the dark magic of Grimm's fairy tales in this beautifully illustrated Chinese edition of Hansel and Gretel.** 
"
c7c9b7d8-62e4-4ae4-b895-9d351d92542e,You gou yu shi zui Xianggang / You gou yu shi bian xie zu bian zhu. æ¸¸è´­å¨±é£Ÿæœ€é¦™æ¸¯ / æ¸¸è´­å¨±é£Ÿç¼–å†™ç»„ç¼–è‘—. ,,Chinese,,"Dive into the vibrant heart of Hong Kong with ""You gou yu shi zui Xianggang"" â€“ your ultimate guide to shopping, dining, and unforgettable experiences! 
"
b4a37191-c6f5-4bfd-a932-9eef81b28706,"Yandang Shan = Yandang Mountain / [zhu bian, Zhang Guoqian, Zhang Huawu ; she ying, Zhang Houquan deng]. é›è¡å±± = Yandang Mountain / [ä¸»ç¼–, å¼ å›½è°¦, å¼ åå¾ ; æ‘„å½±, å¼ ä¾¯æƒç­‰]. ",,Chinese|English,,"**Explore the majestic beauty of China's Yandang Mountain through stunning photography and bilingual descriptions.** 
"
96364f42-1ac6-4a8d-ab4b-f68c325c2ffe,Nan zhuang nuÌˆ die : yi ge zhen shi de Chuandao Fangzi / You Zi bian zhu. ç”·è£…å¥³è° : ä¸€ä¸ªçœŸå®çš„å·å²›èŠ³å­ / å‹å­ç¼–è‘—. ,"You, Zi.|å‹å­.",Chinese,,"Unmask the thrilling true story of Kawashima Yoshiko, the cross-dressing spy who captivated a nation. 
"
bfaa6ad4-dbc5-430b-a621-1316752de4c1,3-6 sui qin zi jiao xue you xi / Qu Mujie zhu bian. 3-6å²äº²å­æ•™å­¦æ¸¸æˆ / åŒºæ…•æ´ä¸»ç¼–. ,,Chinese,,"Unlock the power of play! This book offers fun, educational activities for kids aged 3-6.  
"
74e59651-db7c-402a-964b-655ab87da801,"Qi huan kong long gong yuan  : gu sheng dai de shi jie / bian hui, Pan Zhihui. å¥‡å¹»æé¾™å…¬å›­ : å¤ç”Ÿä»£çš„ä¸–ç•Œ / ç¼–ç»˜, æ½˜å¿—è¾‰. ",,Chinese,,"Journey to a fantastical prehistoric world in ""Qi huan kong long gong yuan,"" where dinosaurs still roam.  
"
5ff793d2-1e79-4a13-b416-ac1bb077e58b,Bing qi shi zu / Sun wei tao...[deng] bian zhu. å…µå™¨å§‹ç¥– / å­™ç»´éŸ¬...[ç­‰]ç¼–è‘—. ,"Sun, Wei Tao.|å­™ç»´éŸ¬.",Chinese,,"Unleash the power of ancient warfare! Explore the fascinating origins of weaponry in ""å…µå™¨å§‹ç¥–"" (Bing qi shi zu) by Sun Wei Tao. 
"
d914d46e-6f45-4e7f-ae87-223e94575664,"33 duo mei li de qi ji = Small miracles / zuo zhe, Yedi Hangbositan, Zhudisi Liwenfo ; yi zhe, Zhu Yi. 33æœµç¾ä¸½çš„å¥‡è¿¹ = Small miracles / ä½œè€…, å¶è’‚ã€‚æ­ä¼¯æ–¯å¦ã€èŒ±è’‚æ–¯ã€‚ææ–‡ä½› ; è¯‘è€…, æœ±è¡£. ","Mandelbaum, Yitta Halberstam.",Chinese|English,,"Discover 33 inspiring stories of hope and resilience in ""Small Miracles,"" a bilingual journey of extraordinary events. 
"
de39b07b-44dd-4f60-8969-612fa897f9f5,Zhong gong li shi de jian zheng : Sima Lu hui yi lu / Sima Lu zhu. ä¸­å…±å†å²çš„è§è¯ : å¸é©¬ç’å›å¿†å½• / å¸é©¬ç’è‘—. ,"Sima, Lu, 1919-|å¸é©¬ç’, 1919-",Chinese,,"**A firsthand account of Chinese Communist history - Witness the revolution through Sima Lu's eyes!** 
"
7f60c059-8df6-4a44-878a-3e2f4ebd5cfb,"Hong bi zi de xiao lu / [bian hui, Hua tong ka tong]. çº¢é¼»å­çš„å°é¹¿ / [ç¼–ç»˜, ç”»ç«¥å¡é€š]. ",,Chinese,,"Curious about the tale of ""Hong bi zi de xiao lu"" (Red-Nosed Deer)?  Dive into this Chinese language story and uncover its secrets. 
"
0ab035c5-9b92-4e83-8ea3-8073c5c9b10e,The yellow river cantata  [sound recording] / words by Kiang Weijan ; music by Hsien Hsinghai ; performed by the Central Philharmonic Society ; recitation Wong Tingying;conductor Yen Liang Kun. ,"Hsien, Hsinghai.",Chinese,,"Experience the power of China's Yellow River through the soaring music of Hsien Hsinghai's iconic cantata.  
"
cb67ef89-9c05-4576-91ea-9c6612ae1b5f,Yu ren de shi ji / Xing Ying zhu. æ„šäººçš„ä¸–çºª / æå½±è‘—. ,"Xing, Ying, 1912-1967.|æå½±, 1912-1967.",Chinese,,"Dive into a century of folly with Xing Ying's ""Yu ren de shi ji"" â€“ a captivating read in Chinese that will leave you pondering. 
"
d48e7604-ff9b-4d7f-a90c-ba2b75bb40e1,Qian mu yin xiang / Li zhen sheng bian. é’±ç©†å°è±¡ / ææŒ¯å£°ç¼–. ,,Chinese,,"Dive into the legacy of historian Qian Mu with ""Qian mu yin xiang"" - a collection of impressions that unveils the man behind the scholarship.  
"
820dbe48-1936-4037-9e52-73d5e5524483,Kuai su xue hui shuo Guangdong hua. Dan zi pian / He Jiawen bian zhu. å¿«é€Ÿå­¦ä¼šè¯´å¹¿ä¸œè¯. å•å­—ç¯‡ / ä½•å˜‰æ–‡ç¼–è‘—. ,"He, Jiawen.|ä½•å˜‰æ–‡.",Chinese,,"Want to unlock the secrets of Cantonese? Dive into ""Kuai su xue hui shuo Guangdong hua"" and start speaking like a local! 
"
dadff58d-8a00-4772-bad8-c6f3063e191c,Xi you ji ren wu hua zhuan / Liu Huaiyu zhu. è¥¿æ¸¸è®°äººç‰©ç”»ä¼  / åˆ˜æ€€ç‰è‘—. ,"Liu, Huaiyu.|åˆ˜æ€€ç‰.",Chinese,,"Journey to the West like you've never seen it before! Explore captivating illustrations of your favorite characters in this unique take on the classic tale. 
"
abe0981b-454b-4a40-99ad-cf82fc0b73f4,"Shi jian guan li / [Bian zhu zhe], Tim Hindle ; [zhong wen ban yi zhe, lin feng sheng]. æ—¶é—´ç®¡ç† / [ç¼–è‘—è€…], Tim Hindle ; [ä¸­æ–‡ç‰ˆè¯‘è€…, æ—å‡¤ç”Ÿ]. ","Hindle, Tim.",Chinese|English,,"**Master your time, master your life.** Discover practical time management tips in this insightful guide. 
"
84e48bb6-04e5-4894-9158-663a6731e933,Da bei ke. å¤§è´å£³. ,,Chinese,,"Dive into a captivating Chinese tale with ""Da bei ke"" â€“ what secrets lie within the giant shell? 
"
c7be6256-1b60-442f-a2f1-b4b765350394,"Fen xi Makesi zhu yi xin lun / Luobote Wei'er, Kai Nier en zhu ; Lu Kejian, Wang Laijin, Yang Jiedeng yi. åˆ†æé©¬å…‹æ€ä¸»ä¹‰æ–°è®º / ç½—ä¼¯ç‰¹â€¢éŸ¦å°”, å‡¯â€¢å°¼å°”æ£®è‘— ; é²å…‹ä¿­, ç‹æ¥é‡‘, æ¨æ´ç­‰è¯‘. ","Weir, Robert.|éŸ¦å°”, ç½—ä¼¯ç‰¹.",Chinese,,"**Dive into the evolution of Marxist thought with ""Analyzing New Trends in Marxism""!** 
"
f700afa8-7027-4db7-92ff-3115ba51f624,Lun hui / Yang zi qiao zhu. è½®å› / ç¾Šå­ä¹”è‘—. ,"Yang, Zi Qiao.|ç¾Šå­ä¹”.",Chinese,,"Dare to face your destiny? ""Lun hui"" by Yang Zi Qiao plunges you into a world of reincarnation and unraveling mysteries. 
"
af1e8dac-b76c-404d-9a51-46a0eb013183,"Re / Hui tu, ke bin ; bian zhe, hong quan. çƒ­ / ç»˜å›¾, å…‹å®¾ ; ç¼–è€…, æ´ªå…¨. ",,Chinese,,"**Feel the heat!**  Dive into a world of passion and intrigue with ""Re"" - borrow it now and unravel the mystery. 
"
690af287-efbc-4a62-bdeb-f8133b15ddef,Wai guo ming ren xiao gu shi. å¤–å›½åäººå°æ•…äº‹. ,,Chinese,,"**Uncover the inspiring tales of international icons in ""Wai guo ming ren xiao gu shi"" â€“ their journeys await.** 
"
5ebc5912-6954-4c44-a8a2-1ac2eac883b5,Qing shao nian ke wai du wu bao ku. Cheng yu gu shi xuan du / Zou hui lin zhu bian. é’å°‘å¹´è¯¾å¤–è¯»ç‰©å®åº“. æˆè¯­æ•…äº‹é€‰è¯» / é‚¹è¾‰ç³ä¸»ç¼–. ,,Chinese,,"Dive into the fascinating world of Chinese idioms and their captivating stories with this curated collection! 
"
de82cf44-d762-4afe-95c3-bd2af43b0979,Jing ji zheng ce. ç»æµæ”¿ç­–. ,"Li, Xi Cheng.|æçš™æˆ.",Chinese,,"Dive into China's economic landscape! Explore the policies shaping the future with ""Jing ji zheng ce"" by Li Xi Cheng. 
"
d1e558d8-1f83-444a-967d-4b626a9974e4,Da ren wu de xiao gu shi / Zhou zeng xiang yi ji. å¤§äººç‰©çš„å°æ•…äº‹ / å‘¨å¢ç¥¥è¯‘è¾‘. ,,Chinese,,"Discover the untold stories of influential figures in ""Da ren wu de xiao gu shi"" - bite-sized tales of greatness waiting to be explored. 
"
e1a0fb06-0113-4b48-b7ed-bfe1cf7afeeb,Bai bian Qiao ke li / Gelin & Bulaike gong si zhu ; Han Jiaxiang yi. ç™¾å˜å·§å…‹åŠ› / æ ¼æ—&å¸ƒè±å…‹å…¬å¸è‘— ; éŸ©ç”²ç¥¥è¯‘. ,,Chinese,,"Indulge your senses! ""Bai bian Qiao ke li"" - Dive into a world of chocolatey transformations. 
"
55b0220b-5451-41c6-8459-1ce65e575d2f,Ren jian qing shi / Guan li jia zhu. äººé—´æƒ…äº‹ / å®˜ä¸½å˜‰è‘—. ,"Guan, Li Jia.|å®˜ä¸½å˜‰.",Chinese,,"**Dive into the captivating world of human relationships and experience the raw emotions of life in ""Ren Jian Qing Shi"".** 
"
1ac8995e-5022-4d12-a7e9-6b5703d49e2e,Hu li he tian luo. ç‹ç‹¸å’Œç”°èº. ,,Chinese,,"Unravel the mystery of the ""Fox and the Snail"" in this captivating Chinese tale. 
"
8b252221-8411-42dd-8f4c-086865df7eec,Dong li mao / Hu Xincheng bian hui. æ‡‚ç¤¼è²Œ / èƒ¡æ–°æˆç¼–ç»˜. ,"Hu, Xincheng.|èƒ¡æ–°æˆ.",Chinese,,"**Learn the art of Chinese etiquette with ""Dong Li Mao"" and navigate social situations with grace and confidence.** 
"
98c9783c-232b-4eed-beaf-159168148da3,Miao sha fan nao : bie rang xiao shi hui liao ni de hao shi / Dawei Liboman zhu ; Lan Yi yi. ç§’æ€çƒ¦æ¼ : åˆ«è®©å°äº‹æ¯€äº†ä½ çš„å¥½äº‹ / å¤§å«Â·ææŸæ›¼è‘— ; å…°å¥•è¯‘. ,"Lieberman, David J.|ææŸæ›¼, å¤§å«Â·J.",Chinese|English,,"**Don't sweat the small stuff! Learn to conquer daily frustrations and unlock your potential.** 
"
c1928237-31c3-4b9f-9a94-a8cd20708bc4,Sun zhong shan. å­™ä¸­å±±. ,"Sui, Ji.|å²çºª.",Chinese,,"Dive into the life and legacy of Sun Yat-sen, a revolutionary leader who shaped modern China.  
"
29e16972-1ee1-4fa0-9e0b-8fcda9890d22,Zhong guo tuo de fa : yuan ze yu shi wu / Huang jun jie. ä¸­å›½åœŸåœ°æ³• : åŸåˆ™ä¸å®åŠ¡ / é»„ä¿Šæ°. ,"Huang, Jun Jie.|é»„ä¿Šæ°.",Chinese,,"**Unravel the complexities of Chinese land law with ""Zhong Guo Tuo De Fa"" - principles and practices explained!** 
"
087ad579-7f69-41ac-b101-7f0a0b63273e,Tian ya gong ming yue / Chen yan qiu zhu. å¤©æ¶¯å…±æ˜æœˆ / é™ˆè‰³ç§‹è‘—. ,"Chen, Yan Qiu.|é™ˆè‰³ç§‹.",Chinese,,"Escape to a world of shared destinies and captivating moonlight in ""Tian Ya Gong Ming Yue,"" a Chinese novel by Chen Yan Qiu. 
"
3bbc4237-c9b5-4f84-adb2-a8aeb89bf5fd,"Ru he zuo ge jie chu de nuu xing / [Zhu zuo zhe, jiang men wen wu chu ban you xian gong si bian ji bu]. å¦‚ä½•åšä¸ªæ°å‡ºçš„å¥³æ€§ / [è‘—ä½œè€…, å°†é—¨æ–‡ç‰©å‡ºç‰ˆæœ‰é™å…¬å¸ç¼–è¾‘éƒ¨]. ",,Chinese,,"**Unlock your potential. Discover the secrets to becoming an exceptional woman.** 
"
53a9f407-570e-4ec2-84ae-8346ba22c90a,"Zhong guo gu dian chang pian xiao shuo xuan jiang / Xuan jiang zhe, zhong ming zhang [deng]. ä¸­å›½å¤å…¸é•¿ç¯‡å°è¯´é€‰è®² / é€‰è®²è€…, ç§æ˜ç« [ç­‰]. ",,Chinese,,"Dive into the world of classic Chinese literature! This selection of long novels will transport you to ancient China. 
"
0d6014b2-0c94-4e64-9aad-6e3834b9998e,Lin xia feng yun : tian yuan shan shui shi pai jing pin shang xi / Zhang hai ming zhu. æ—ä¸‹é£éŸµ : ç”°å›­å±±æ°´è¯—æ´¾ç²¾å“èµæ / å¼ æµ·æ˜è‘—. ,"Zhang, Hai Ming.|å¼ æµ·æ˜.",Chinese,,"Escape into the serene beauty of nature with ""Lin xia feng yun,"" a captivating exploration of Chinese landscape poetry.  
"
11fc8c43-82e2-4870-b178-d6ffb7df0abd,"Kai shi zai Han'guo zi zhu luÌˆ xing / zuo zhe, she ying, Chen Zhiping, Zheng Mingzai. å¼€å§‹åœ¨éŸ©å›½è‡ªåŠ©æ—…è¡Œ / ä½œè€…, æ‘„å½±, é™ˆèŠ·è, éƒ‘æ˜åœ¨. ","Chen, Zhiping.|é™ˆèŠ·è.",Chinese,,"Dive into South Korea's hidden gems and vibrant cities! Explore on your own terms with this insider's guide to independent travel. 
"
e8c1c55e-015e-42dc-bd7c-5adbaa7c588c,Wei lian.fu ke na = William Faulkner / Fu lei li ke.J.huo fu man zhu ; yao nai qiang yi. å¨å»‰ã€‚ç¦å…‹çº³ = William Faulkner / å¼—é›·é‡Œå…‹ã€‚Jã€‚éœå¤«æ›¼è‘— ; å§šä¹ƒå¼ºè¯‘. ,"Hoffman, Frederick J.|éœå¤«æ›¼.",Chinese|English,,"Dive into the world of William Faulkner with insights by Frederick J. Hoffman! This bilingual edition offers a unique perspective on a literary legend. 
"
a07294a5-fe05-4f74-9c18-7f007e073e14,Qin han shi / Jian bo zan zhu. ç§¦æ±‰å² / ç¿¦ä¼¯èµè‘—. ,"Jian, Bo Zan.|ç¿¦ä¼¯èµ.",Chinese,,"Journey through China's defining era! Dive into ""Qin Han Shi"" and explore the history that shaped a civilization. 
"
f45b1423-d3e0-4845-84ef-beea8653a0fd,à®µà®¿à®•à¯à®°à®®à®¾à®¤à®¿à®¤à¯à®¯à®©à¯ à®•à®µà®¿à®¤à¯ˆà®•à®³à¯ : à®¤à¯‡à®°à¯à®¨à¯à®¤à¯†à®Ÿà¯à®•à¯à®•à®ªà¯à®ªà¯†à®±à¯à®± à®¤à¯Šà®•à¯à®ªà¯à®ªà¯ / à®¤à¯Šà®•à¯à®ªà¯à®ªà®¾à®šà®¿à®°à®¿à®¯à®°à¯ à®µà®¿à®¤à¯à®¯à®¾à®·à®™à¯à®•à®°à¯. VikramaÌ„tityanÌ² kavitaikalÌ£ : teÌ„rnteÌ„tÌ£ukkaperÌ²rÌ²a tokuppu / tokuppaÌ„ciriyar VitÌ£yaÌ„sÌ£anÌ‡kar. ,à®µà®¿à®•à¯à®°à®®à®¾à®¤à®¿à®¤à¯à®¯à®©à¯.|VikramaÌ„tityanÌ².,Tamil,"Selected poems of VikramaÌ„tityanÌ², Tamil author. ","Dive into the captivating world of Tamil poetry with VikramaÌ„tityan's selected works! 
"
f736b2ac-a337-40ca-a442-afac64a23305,à®…à®°à¯à®¤à¯à®¤à®®à¯à®³à¯à®³ à®°à®œà®©à®¿à®·à¯ = Osho/ à®ªà®¿. à®•à¯à®®à®¾à®°à¯. ArttamulÌ£lÌ£a RajanÌ²isÌ£ = Osho/ Pi. KumaÌ„r. ,"à®•à¯à®®à®¾à®°à¯, à®ªà®¿.|KumaÌ„r, Pi.",Tamil,,"Dive into the wisdom of Osho with ""Arttamulla Rajanish"" - a thought-provoking journey awaits! 
"
edb7660b-977c-45a0-9097-32757ff4fe74,à®µà¯‡à®²à¯‚à®°à¯ : à®“à®°à¯ à®…à®±à®¿à®®à¯à®•à®®à¯ / à®®à®¾. à®•à¯à®£à®šà¯‡à®•à®°à®©à¯. VeÌ„luÌ„r : oÌ„r arÌ²imukam / MaÌ„. KunÌ£aceÌ„karanÌ². ,"à®•à¯à®£à®šà¯‡à®•à®°à®©à¯, à®®à®¾.|KunÌ£aceÌ„karanÌ², MaÌ„.",Tamil,,"Uncover the secrets of Vellore with ""Vellore: An Introduction"" by Ma. Kunasekaran.  Explore the city's rich history and culture! 
"
5a574b4d-152c-4d06-a96f-36642b6622e6,à®¨à®²à¯à®µà®´à®¿à®ªà¯à®ªà®Ÿà¯à®¤à¯à®¤à¯à®®à¯ à®…à®±à¯à®ªà¯à®¤à®•à¯ à®•à®¤à¯ˆà®•à®³à¯/ à®šà¯Œà®ªà®¾à®•à¯à®¯à®¾. NalvalÌ²ippatÌ£uttum arÌ²putak kataikalÌ£/ CaupaÌ„kyaÌ„. ,à®šà¯Œà®ªà®¾à®•à¯à®¯à®¾.|CaupaÌ„kyaÌ„.,Tamil,,"Dive into ""Nalvalippaduthum Arputha Kathaikal"" by Caupakya â€“ where captivating stories inspire and guide your path. 
"
f54f708d-03cd-4377-9a3a-3f7307d9458c,à®¨à®•à¯à®šà®²à¯ˆà®Ÿà¯ à®…à®œà®¿à®¤à®¾à®µà®¿à®©à¯ à®¨à®¿à®©à¯ˆà®µà¯à®•à¯ à®•à¯à®±à®¿à®ªà¯à®ªà¯à®•à®³à¯ : à®’à®°à¯ à®ªà¯†à®£à¯ à®ªà¯‹à®°à®¾à®³à®¿à®¯à®¿à®©à¯ à®šà¯à®¯à®šà®°à®¿à®¤à¯ˆ/ à®•à¯à®²à®šà¯à®šà®²à¯ à®®à¯. à®¯à¯‚à®šà¯à®ªà¯. NakcalaitÌ£ ajitaÌ„vinÌ² ninÌ²aivuk kurÌ²ippukalÌ£ : Oru penÌ£ poÌ„raÌ„lÌ£iyinÌ² cuyacaritai/ Kulaccal Mu.YuÌ„cup. ,"Ajita, 1950-",Tamil,,"A female freedom fighter's journey: experience Ajita's powerful story of struggle and resilience in her own words. 
"